,曲名,発売日,表示回数,歌詞
0,秋空サイダー feat. たかはしほのか,2018-07-04,"11,979",なんでもいいよそれでいいよ君が決めたことなんだろ水色した僕の影に反射する光襲ってみたいぜ僕はこうやって今日も生きてゆく炭酸が抜けてゆくあー味気ないサイダー錆びた防波堤で体育座りして日没を眺めてんだあー僕は今笑っているかなあuuuあっー！yeahuuuあっー！yeahuuuあっー！yeahuuuあっー！なんでもいいよそれでいいよ未来はただそこにあるのさ水色した僕の影に船橋の店おっぱい揉みたい僕はこうやって今日も生きてゆくボロアパートこのthe endあー君が笑ってる僕たちはニヒリズムビートした夕焼けはまだあるんだあー君と飲む秋空サイダーuuuあっー！yeahuuuあっー！yeahuuuあっー！yeahuuuあっー！僕たちはほら今日も生きてゆく炭酸が抜けてゆくあー味気ないサイダー錆びた防波堤で体育座りして日没を眺めてんだあー僕は今笑っているかなあuuuあっー！yeahuuuあっー！yeahuuuあっー！yeahuuuあっー！yeahuuuあっー！yeahuuuあっー！yeahuuuあっー！yeahuuuあっー！この歌詞をマイ歌ネットに登録 >このアーティストをマイ歌ネットに登録 >
0,熱いハートがそうさせないよ,2012-10-10,"20,413",蝉鳴く和室は照る照る風涼し魂おいしく朝カルテ緑茶で潤す MP3iPod にリンクる今日もやったれストライカーやっぱり無理だチーム経験も少ないユニフォーム着て蹴り上げた風の中へ風の中へ青空が照る、夏の逆光線風の中へ風の中へ両手伸ばしてしまうよ風の中へ風の中へ負けても羽をやられないように風の中へサイドクロスなんだろ熱いハートがそうさせないよちっちゃい虫まちがって殺したら死を持って償うのですか弱いまま強い未来へ GO!殺した虫のように今日もやったれストライカーやっぱり無理だチーム経験も少ないユニフォーム着て蹴り上げた風の中へ風の中へファンタジスタじゃ先が見えない夏らしさと風の中へ両手伸ばしてしまうよ遠くめがけて風の中へサッカーゴール頭上追い越してハズすシュートだけどシュートなんだろ熱いハートがそうさせないよ熱いハートがてんとう虫の赤さで熱いハートが最後はそうさせないよやったれストライカー食われるなら食べ尽くせ礼儀を持ってしてやったれストライカーやっぱり無理だチーム経験も少ないユニフォーム着て蹴り上げたんだ風の中へ風の中へ青空が照る、夏の逆光線風の中へ風の中へ両手伸ばしてしまうよ遠くめがけて風の中へ負けても羽をやられないように風の中へサイドクロスなんだろ熱いハートがそうさせないよ熱いハートがそうさせないよ熱いハートがそうさせないよ熱いハートがそうさせねぇよこの歌詞をマイ歌ネットに登録 >このアーティストをマイ歌ネットに登録 >
0,雨宮せつな,2012-11-14,"24,012",冬来るその時ぼくにもあるからその日がここにも積もれば冬来るその時君にもあるから出かけずそのまま寝てろよ宿題もやらずに君は絵の具そよぐ風にする夕暮れの景色塗るように辛い事をごまかす冬空が淡い空、アルバイトうわの空つまらない、それだけさ、戻りたい、戻りたいこの歌詞をマイ歌ネットに登録 >このアーティストをマイ歌ネットに登録 >
0,あるてぃめっとレイザー!,2010-12-22,"60,343",私、金持ちお嬢様血統書付きのお嬢様です私が下す命令を聞かなきゃいけないのよあなたたちおしっこが　おしっこがおしっこが　私漏れそうなのですおしっこが　おしっこが早くお口を用意しなさいあなたたちっあるてぃめっとレイザー!あるてぃめっとレイザー!あるてぃめっとレイザー!あるてぃめっとレイザー!あるてぃめっとレイザー!あるてぃめっとレイザー!あるてぃめっとレイザー!あるてぃめっとレイザー!午後の3時までお父様もお母様もお遊びのコツをご存じない大人な頭じゃむりムリなのです頭じゃないのよ、あたまでは囚われた心を飛ばして精神解放するのですあるてぃめっとレイザー!あるてぃめっとレイザー!あるてぃめっとレイザー!あるてぃめっとレイザー!あるてぃめっとレイザー!あるてぃめっとレイザー!あるてぃめっとレイザー!あるてぃめっとレイザー!あるてぃめっとレイザー!あるてぃめっとレイザー!あるてぃめっとレイザー!あるてぃめっとレイザー!この歌詞をマイ歌ネットに登録 >このアーティストをマイ歌ネットに登録 >
0,いかれたNeet,2010-12-22,"25,934",朝から晩まで僕は知らない歌を歌う、それが日課だからいかれたNeet一人は一人でぼくはたのしい歌を歌う、それが日記だからいかれたNeetyeahいかれたNeetyeahこの歌詞をマイ歌ネットに登録 >このアーティストをマイ歌ネットに登録 >
0,いくつになったら,2010-12-22,"25,364",僕はいつか東京のど真ん中で、何千人の前で存在を見せてやる記憶の中常にいるって君の事は忘れないって僕は今やローソンのど真ん中で、何千回と同じ動作をくりかえしている素直なまま生きてたいって無様なままそこにいるって素直なまま生きてたいってふざけた面していたいって古い記憶の中君が僕を指指してあんな大人になりたくないって記憶の中常にいるって君の事は忘れないってこの歌詞をマイ歌ネットに登録 >このアーティストをマイ歌ネットに登録 >
0,イマドキの子,2017-09-06,"26,628",ベッドから転げ落ちたら足折れたラインも返せやしないよ名前も持たない工事現場からテレパシー感じとってしまうよあたしは東京で何にもできない存在もしない夕暮れの中で love me love me路地裏通りで錆びつく気持ちたちほらキミも何にもできない存在もしない夕暮れの中を love you love youSNSから胸キュンさせてよねさっきから日向当たりを気にしてるイマドキの子ってどうしてるの大きな花　怨みつらみを食べている裏垢に咲かしてしまうよあたしは東京で何にもできない存在もしない夕暮れの中で love me love me路地裏通りでテリヤキハンバーガーほらキミも何にもできない存在もしない夕暮れの中を love you love youおかしなテンションねれなくさせてよねイマドキドキ何にもできない存在もしない夕暮れの中で love me love me路地裏通りで錆びつく気持ちたちほらキミも何にもできない存在もしない夕暮れの中を love you love youSNSから胸キュンさせてよねイマドキドキlove me love me yeah yeahlove you love you yeah yeahほらキミとしたいlove me love me yeah yeahlove you love you yeah yeah東京の片隅この歌詞をマイ歌ネットに登録 >このアーティストをマイ歌ネットに登録 >
0,芋虫さん,2010-12-22,"26,024",死にたいな生きたいな天使＆悪魔僕の中にわわ死なないなしぶといな尊敬しちゃうなお母さんより先には、、、なんて事は容赦しないさそれなのに僕なんかダメだから死にたいな生きたいなどっちでもいいや語っているよ僕わうどっちでもよくない死にたいな消えたいな死ねないくせにと言われたらぼくなんか「はいそうです。」と死ねないくせにと言われたら泣かないであっちらこちら夜の宿夢をみればいきなり蝶々いきなり蝶々僕などは夢を見ればいけない夢で羽化する蝶々羽化する蝶々が飛んでったメロディが僕にも飛んでいく羽化する蝶々が飛んでったその羽化する蝶々が飛んでった羽化する蝶々が IcanFLYいけない夢と死んじゃったこの歌詞をマイ歌ネットに登録 >このアーティストをマイ歌ネットに登録 >
0,映画,2011-08-31,"24,060",カメラ目線で君は見上げてるよ退屈そうな授業風景窓際の席に君と僕セピアと呼ばれるようになる図書室で君を見つけたよスローモーションで動いてる古い映画のように絶賛上映中巨大な想いを映してるそうだ僕は君を見たいのですあーあとで君を忘れたいのに3、2、1で　アルバム開いて記憶を繋いで8ミリフィルムの世界の中へ後ろ振り向くと君の席シェイクスピアもロミオとジェラシーだ用紙を後ろにまわす時話しかけようか迷いますオードリーヘップバーンまでいかないけれど君こそ素敵なヒロインだそうだ僕は君を見たいのですあーあとで君を忘れたいのに照明機材は照らしだす放送室からも流れ出すだんだん色をつけ始める背景が、青い空が現れてきたなら景色をひとつ君にあげようそして季節をひとつそこにつけようそして奇跡をひとつ君に見せよう3、2、1で始めます準備はいいかい3、2、120世紀へと僕は君に届けますあーあとで君を忘れたいのにだとしても君の席に後ろの席に　僕がつくった巨大な景色を差し上げますこの歌詞をマイ歌ネットに登録 >このアーティストをマイ歌ネットに登録 >
0,大阪駅,2018-07-04,"8,921",東京で僕の足はもう絡まっているんだ椅子取りゲームでつっ立って譲る席すらもないや辛い仕事ばっかして片道切符さこの人生定時を過ぎて人間辞めて帰り道寄り道さ僕は大江戸線から大阪駅へ1人旅が電車に乗ってずっと前から僕はこんな事をしてみたかったんです大江戸線から大阪駅へ夜にかけて外眺めたら一生ない事だから大きな夜が僕をワクワクさせてくんだ地味なリュックサックをしょってゆく自分勝手の準備さあんたの哲学知らねえぜジョニミッチェルいっこうぜ日々デスクワークしてブラックコーヒーぶち込んで定時を過ぎて人間辞めて帰り道寄り道さ僕は大江戸線から大阪駅へ1人旅が電車に乗ってずっと前から僕はこんな事をしてみたかったんです大江戸線から大阪駅へ夜にかけて外眺めたらガキの頃には言えた超すげえ！って僕自身をワクワクさせたいんだyeah！最終電車かこれは売り上げない、利益がない提案ない、士気がない、結果出ない損得勘定じゃないぜ人生は寒空だが時には熱く走り出すそして大江戸線から大阪駅へ路線を変えて走り出したずっと前から僕はこんな事をしてみたかったんです大江戸線から大阪駅へ夜にかけて外眺めたらガキの頃には言えた超すげえ！って僕自身をワクワクさせたいんだこの歌詞をマイ歌ネットに登録 >このアーティストをマイ歌ネットに登録 >
0,おかえり,2014-09-10,"14,252",玄関ドアの向こうは外だ当たり前だけど、当たり前だから外だからしかし靴紐は結べない僕に見えているそれは日々変わるだけどあと少しでバスが来るから夢見てる町をとりあえず走ったおかえりと聞こえりゃ僕もなんとなく頑張れるような気がしています眠りはじめる、眠りはじめた煙の中に吸いこまれたあぁなんだか、あぁなんだか僕は変わる事のない日々の中溶けていきそうそんであと少しでバスが来るのだ夢見てる町を猛烈に走ったおかえりと聞こえりゃ僕もなんとなく頑張れるような気がしていますあいつが来るーーこの歌詞をマイ歌ネットに登録 >このアーティストをマイ歌ネットに登録 >
0,おっさんの夢,2012-10-10,"17,904",夏の夜におばちゃん家に自転車ででかけた子供のころはこんな事をよくしたもんだねあきらめない夢が確かにあるんだカセットテープから流れる星の空へと走ってゆく昔の僕の落としものあきらめない夢が確かに見えたよ出かけよう、今日の僕はさ少し仕事しすぎてしまったんだあの時の僕を探しにきっと見つかると思うんだだって叶えてない夢があるから車を走らせて深夜の海でも見に行こう子供のころはこんな気持ちになってたもんだねあきらめない夢が確かに見えたよ出かけよう、今日の僕はさ少し仕事しすぎてしまったんだあの時の僕を探しにきっと見つかると思うんだだって叶えてない夢がまだまだある yeah!僕はこうやって年をとっておっさんになっていくんだって渋滞の街の中が人生まんまって笑わせちゃうぜっ!肝心なモノはなんだ終電に乗りおくれた Life is only one time!夏休みの宿題だって机に投げたまま少年にはなれないさ夜空の切なさを1つ持ってノートに続きを描くよきっと見つかると思うんだだって叶えてない夢がまだまだまだ夢があるから夢がまだまだあるからまだ夢があるから夢がまだまだあるから夢があるんだぜっ Yeah!この歌詞をマイ歌ネットに登録 >このアーティストをマイ歌ネットに登録 >
0,男はロマンだぜ!たけだ君っ,2010-12-22,"25,750",たけだ君、たけだ君元気が無いね、君らしいね男にはロマンという草原があるはずだ子供は夕方6時を過ぎても家には帰らないなぜなら親の事など頭には無い男の子は男の子は追うよくたばるまで、男のロマンたけだ君、たけだ君意味分からないと君は言う妙な旋律、未知なるリズム、君はいきなりノれるのかいね?イタリスペインフランスアトランティスムーカンボジア被害届けが親からだされてても男の子はそっちのけさ追うよくたばるまで、男のロマンねぇたけだ君、行ってみないかい?気持ちを新たにするために西の方へ行こう景色が見たいってんならさ東の方へ行こうタバコが買いたいっつーのなら南の方へ行こう遠回りがしたいってんならさ北から行っちまおう君の死ねない瞳がキラッと光りだした時知らない歌でも歌いに遠くへ行こうぜポンコツな心のギアあげて気を散らせりゃ高く響かせる音が君の相棒になるさきっと知らない人から笑いものにされるだろうきっと今より悲しい気分に落ちてしまうだろうそうした事の全てが積み重ねられた時に僕が僕で君が君であるか問われるだろうそうだ、くたばる時まで男のロマンを追い求めようぜ誰彼理解できない事に金と時間を費やそう死ねない瞳がキラッと光りだした時知らない歌でも歌いに遠くへ行こうぜ死ねない瞳がキラっと光り出した時知らない歌でも歌いに遠くへ行こうぜポンコツな心のギアあげて　気を散らせりゃ君の考えちゃう頭に鳴らし続けろこの歌詞をマイ歌ネットに登録 >このアーティストをマイ歌ネットに登録 >
0,おはよう,2017-09-06,"13,146",ねえ、泣いてしまったけれど頑張ってみるからつまらない毎日送り人のようになるねえ、遅刻しちゃうからささっさとパン食べてきっと誰だって同じページ開いてるからそうさ友達を殺して過ごしてみませんかまぶしい朝は2度寝して眠るだけさ机の上ねえ、下を向いてみたら水たまりがあってひかる光線の中に沈んでゆくようだぜまた憂鬱感じたら仕方ないぜそれは上辺で今日もやるのさ行かなくっちゃ僕は早くおはようって毎日笑ってんだ毎日僕は日記帳を買いに行こうかな終わってんな毎日犯すぞ糞ビッチみんな綴ってゆくこの日々をおはようございますおつかれさまです思考破裂して眠りましょうおはようございますおもいっきり挨拶してくんなウザいから僕はつまんない奴さ僕はつまんない奴さ僕はつまんない奴さ僕はつまんない奴さ僕はつまんない奴さ僕はつまんない奴さみんなおはようって毎日笑ってんだ毎日僕は笑って返すにっこりと笑って返すこの歌詞をマイ歌ネットに登録 >このアーティストをマイ歌ネットに登録 >
0,おやすみ,2020-01-08,"10,805",黄昏時終わりの日部屋の中倒れているおやすみなさいと声が隣の壁から聞こえるlibido黄昏時終わりの日部屋の中倒れているlibidoおねんねしようね灯りを消してこの歌詞をマイ歌ネットに登録 >このアーティストをマイ歌ネットに登録 >
0,オルゴールの魔法,2014-09-10,"19,427",夜の町を見渡すマイフェアリー聞いてよあの先へ君大きくなったら何になる？オルゴール鳴る夢へとランニングランニング空の隙間ランニングランニング飛ぶ魔法だって目が覚めて覚えていないくらいそよぐ町を見ています夜の中で読んだら本棚眠る君マイフェアリー小さな箱の中そのホッペの針が周りだしてオルゴール鳴る夢へとランニングランニング空の隙間ランニングランニング音符の飛行線目が覚めて覚えていないくらいそよぐ町を見ています夜の中で夜の中でオルゴール鳴らせば夜の中で今歌う君がさ夜の中でこの歌詞をマイ歌ネットに登録 >このアーティストをマイ歌ネットに登録 >
0,彼女は太陽のエンジェル,2014-09-10,"17,692",市民プールから参上夏の休暇は熱中症状また糞ビッチがあっちこっちに爽やかに泳ぐマージービート魚はダウンタウンに僕は風俗に落っこちてく君にHELLOと言っても伝わらないよそんな単純じゃエンジェルじゃ彼女は太陽じゃんなわけないよそりゃちょっとあんた違うよ行き先なんて僕にはかんけーない女は全員魔性さ飲んだ蹴ったの便所でハイボールリッケンバンカー、僕はギター弾いてはリハビリセンター狂った施設のようなアルトカトラズ刑務所過ぎた昔、前に進め光さす方へ天気が良すぎて頭はパーパー水色のビー玉よラムネサイダーの味がきっとあるよシュワッと希望がはじけるよHELLOと言っても伝わらないよそんな単純じゃエンジェルじゃ彼女は太陽じゃんなわけないよそりゃちょっとあんた違うよ行き先なんて関係ないから海岸沿いへとオーバードライブ真夏の太陽　忘れたいよあれもしたいよこれもしたいよ彼女は太陽　抱きしめたいよこんなんじゃダメだって分かってるってバケツの中照る太陽はそらカラフルメッセージ何回も何回も考えちゃってんだおはようと聞いてみたいんだ朝窓開けてブルーじゃねぇか真夏の太陽　忘れたいよ夏の理想像触れてみたいよ彼女は太陽　抱きしめたいよその時は離さない僕を見てよ真夏の太陽　抱きしめたいよあれもしたいよこれもしたいよ彼女は太陽　抱きしめたいよその時は離さない僕を見てよこの歌詞をマイ歌ネットに登録 >このアーティストをマイ歌ネットに登録 >
0,神様それではひどいなり,2010-12-22,"36,654",飛んで火にいる夏の虫姿醜い私たち誰よりも人並みの幸せを望んでいたのに神様それではひどいなり神様それではつらいなり神様それではひどいなり神よ　これではつらいなりどんぐりころころどんぶりこお池にはまってまあ大変沈んでく　沈んでくどじょうがこっちで笑ってら神様それではちがうなり神様それではちがうなり神様それではちがうなり神よ　これではつらいなり飛んで火にいる夏の虫光向こうの神は言う幸せが欲しければさっさと死んでちょうだいな神様それではちがうなり神様それではちがうなり神様それではちがうなり神よそれではちがうなり神様それでは違うんです飛んで火にいる夏の虫姿醜いもはや虫飛び降りる飛び降りるあんたを殺しに行くために神様貴様はどこにいる神様お前は違うなり神様貴様はどこにいる神様あんたはひどいなり神様貴様はどこにいる神様貴様はどこにいるんだよ神様貴様はどこにいる神様てめぇぶっ殺してやる殺してやるこの歌詞をマイ歌ネットに登録 >このアーティストをマイ歌ネットに登録 >
0,学校に行きたくない,2010-03-10,"73,930",学校に行きたくない学校に行きたくない計算ドリルを返して下さい計算ドリルを返して下さい返して　返して　計算ドリルを学校に行きたくない学校に行きたくない計算ドリルを返して下さい計算ドリルを返して下さい返して　返して　計算ドリルをこの歌詞をマイ歌ネットに登録 >このアーティストをマイ歌ネットに登録 >
0,きっと良くなるさ,2016-07-06,"24,683",お疲れ様ですLINEスタンプぽんっと押されて職場から出てきた酒でも飲みながらふらっふらと歩く公園愚痴を吐き捨てていく頭下げて今日もマニュアル通り生きてみてもさ嫌な事もそりゃあるよなCome on baby！気にすんな小さなミスうまくいかない事もあるさ人生階段上がってきたか？そこにあるエスカレーターボタンを押して一丁前になれたかい僕ら彼女がいて結婚して人並みに金稼いで理想の自分は消えたもう笑っちゃうぜ泣いちゃうぜ殴りたい気持ちを抑えて日々は巡っていくぜ僕を置いて叱っては怒鳴られて孤独になってうまくいかない事もあるさきっと全部きっと良くなるさ頭下げて今日もマニュアル通り生きてみてもさ嫌な事もそりゃあるよなCome on baby！気にすんな大きなミスうまくいかない事もあるさ人生全部きっと良くなるさyeahyeahyeah！きっと良くなるさyeahyeahyeah！きっと良くなるさyeahyeahyeah！きっと良くなるさ全部きっと良くなるさyeah！この歌詞をマイ歌ネットに登録 >このアーティストをマイ歌ネットに登録 >
0,口ずさめる様に,2010-12-22,"21,553",髪型を変えに行こう生き方を変える様に朝空に口ずさめる様に髪型を変えてみても傘を差し続ける君素直にさ　口ずさめれば偽ダチが今日も休み時間君をバカ笑っている死ねよと君はこいつの席を蹴り飛ばすするとまた日差しが糞爽やかにお久しぶりですって挨拶しだすのですでも曲じゃん　そのままじゃん口ずさむ詩が　君を訪ねる、そんな癖にさ宛先ない手紙にただ愚痴るかの様に君はただ空を眺めている髪型を変える様に生き方を変える様に何かにもうすがるかの様に生きる日々、ずる休みそれはただ、燃えないゴミ「無口」という道を行く君アルバイト探す勇気もない奴にバトンタッチされ生活費もままならない君を追い詰めるするとまた日差しが糞爽やかにお久しぶりですって挨拶しだすのですでも曲じゃん　そのままじゃん口ずさむ詩が　君を訪ねる、そんな癖にさ宛先ない手紙にただ愚痴るかの様に酷い顔して笑っているかの様に口ずさめる様に　口ずさめる様に素のまま口ずさめる様に口ずさめる様に　口ずさめる様に君でも口ずさめる様にこの歌詞をマイ歌ネットに登録 >このアーティストをマイ歌ネットに登録 >
0,雲が流れる,2017-09-06,"21,107",バス停の先にある広げてく夕焼け思いどーりいかないからね傷ついているんです僕は仕事をしてく優しげな顔して彼も彼女もこの国もすべてなくなればいいだってだって夕方5時に鳴るチャイム大人も子供もそれ聞いて気をつけて帰ってゆく僕だけを残してだから雲が流れる流れる夕日の中本当の気持ちなら隠したいものさ今日も僕は流れる流れる街と日々を電車に揺られては毎日は過ぎる真面目系ゴミクズでくだらないクソ野郎明るい曲に暗い歌詞をのせてく卑怯者だってだってしかられて泣いているのは大人も子供も同じだよ？気をつけて帰ろーね命は軽いからだから雲が流れる流れる夕日の中本当に自殺する勇気もないくせに今日も僕は流れる流れる街と日々を電車に揺られては終点へ向かうドナドナ荷馬車ゴトゴト小牛乗せてそのまま市場へと運ばれてゆく儚さが赤い空遊べばたまたまさ喜怒哀楽さえマニュアルだからだから雲が流れる流れる夕日の中本当の気持ちなら隠したいものさ今日も僕は流れる流れる街と日々をなんだか疲れては毎日は過ぎるだから雲が流れる流れる夕日の中今度も自殺する勇気もないくせに今日も僕は流れる流れる街と日々を電車に揺られては終点へ向かうyeah！この歌詞をマイ歌ネットに登録 >このアーティストをマイ歌ネットに登録 >
0,黒いたまご,2010-12-22,"22,724",真っ黒なたまごが生まれたら僕が遠くへ運んであげよう真っ黒で、気持ち悪い卵だけど「君」という名で呼んであげよう君はどうしようもないだろうねどうにもならないだろうねどうしようもないだろうねどうにもならないだろうね君はどうしようもないだろうね何とかならないだろうね君はどうしようもないだろうね何とかならないだろうね真っ黒な空の下商店街で白くなりたいとほざいているばっかじゃね真っ白て、死ねよ君は黒々と笑うんじゃねーよどうしようもないだろうねどうにもならないんだろうね君はどうしようもないだろうねどうにもならないんだろうね君はどうしようもないだろうねどうにもならないんだろうねどうしようもないだろうねどうにもならないんだろうね君は何とかならないだろうね君はどうしようもないだろうねどうにもならないんだろうねどうしようもないだろうねどうにもならないんだろうねこの歌詞をマイ歌ネットに登録 >このアーティストをマイ歌ネットに登録 >
0,グロい花,2011-08-31,"50,298",少女がグロいハードコア画像VAIOのパソコンと探すノートの中に植えた植物犯罪的可愛さが頭から生えた叶わない恋がある社会の中美しくなれたらいいなそうおもう時精神薬がきっと効きすぎてるだけだから普通かな、大丈夫かなと気にしちゃうんだ精神薬をもっときかせてこんな自分がまあどーでもいいんですけどねっ美花ちゃんの手を食いちぎる時、美花ちゃんの顔があばばノートの中で動く植物犯罪的可愛さが頭から生えた恋愛はファンタジアまるでほら美しくなれたらいいなそうおもう時精神薬がきっと効きすぎてるだけだから傷つけてくるような人はぶち殺したい精神薬をもっと効かせてこんな世界がまあどーでもいいんですけどねっ刃物ふりかざしてイカれたりしてやろうと思います野菜ジュース飲んでがんばっちゃっていた自分もいたみんな殺してやるかわいいのだけ生かしてやるかわいいのだけかわいいのだけ美しくなれたらいいなそうおもう時精神薬がきっと効きすぎてるだけだから普通かな、大丈夫かなと気にしちゃうんだ精神薬をもっと効かせてこんな自分がもうどーでもいいんですけどねっグロい花グロい花この歌詞をマイ歌ネットに登録 >このアーティストをマイ歌ネットに登録 >
0,決戦の日,2018-07-04,"16,392",勉強もやらず低評価をただクリックして寝そべる窓から眩しい風が僕に当たる戦ってんだ8月へあっさり溶けていくどいつらもこいつらもアイデンティティ漁ってくバス停で待つ　そのマージンビートに乗ってく夏の中死ね、そこで1度だけ僕はちゃんと見ててここでカッけえ！って言わしてみせてよ街の中のおぼろげな声も勇気だからな逃げたら次があるさちゃんと逃げてそれがダッセえって　んなこたねえから失敗しても　そのあとに続くアーチかき鳴らすんだ走ってゆく僕は未来を担いでゆくって決めたせんせーもワーナーもうるせえてめえ何様だ？黙って待ってろよカス口出してくんなカス音楽の中では俺は自由なんだボケバス停で待つ　そのマージンビートに乗ってく夏の中死ね、そこで1度だけ僕はちゃんと見ててここでカッけえ！って言わしてみせてよ街の中のおぼろげな声も勇気だからな逃げたら次があるさちゃんと逃げてそれがダッセえって　んなこたねえから失敗しても　そのあとに続くアーチかき鳴らすんだ失敗しようぜ　残り少ないこんな日々をそれでも朝日は登るからさ暑い夏のおぼろげな声も勇気だからな逃げたら次があるさちゃんと逃げてそれでも朝日は登るからさ失敗しても　そのあとに続くアーチかき鳴らすんだ明日への準備だからさまだ大丈夫ってやつさこの歌詞をマイ歌ネットに登録 >このアーティストをマイ歌ネットに登録 >
0,ゲーム実況してる女の子,2020-01-08,"11,448",ゲーム実況している女の子誰も知らないこの子さ再生回数100ちょっとポッと出の配信者小学生の時にクリアした事あるゲームをホワッと優しく深夜実況して思いださせてくれるそれはまるで死ぬ前の走馬灯召喚魔法でホワッとこの子は僕の天使なのさゲーム実況　君のハイテンション静かに笑う女の子ゲーム実況してる女の子そう主人公だったんだ昔はエクスカリバーを手にして眠たくなるまでレベル上げ伝説の数々さ大人になるたびに劣化してく陰キャラおじさんホワッと暗い部屋のスピーカーへと異世界に帰るよそれはまるで死ぬ前の走馬灯召喚魔法でホワッとこの子は僕の天使なのさゲーム実況　君のハイテンション静かに笑う女の子ゲーム実況してるこの子が僕の世界の救世主になったという女の子ゲーム実況してる女の子小学生の時にクリアした事あるゲームをホワッと優しく深夜実況して思いださせてくれるそれはまるで死ぬ前の走馬灯召喚魔法でホワッとこの子は僕の天使なのさゲーム実況　君のハイテンション静かに笑う女の子ゲーム実況してるこの子が僕の世界の救世主になったという女の子ゲーム実況してる女の子yeahネットの中の女の子yeahネットの中の女の子yeahネットの中の女の子yeahネットの中の女の子この歌詞をマイ歌ネットに登録 >このアーティストをマイ歌ネットに登録 >
0,コタツから眺める世界地図,2011-08-31,"27,116",くるくるっと回る星の数ひゅるりと流れてく流れ星今は起こさないでね彼方で夜寝坊してるの暗い部屋の中では一人きりコタツから見えちゃうのお月様今は起こさないでねあなたの街を出ていくのよ9時に起きちゃってね7時に寝ちゃうのぬくぬくしちゃってねぽかぽか夢の中コタツにもぐりこむ毎日は世界から逃避する防空壕今は起こさないでねあなたの街を出ていくのよ絶景日和の今日は、YEAH裸足でほらぬくぬくパジャマだからYEAH眠っちゃいたいよむにゃむにゃとぽかぽかなYEAHピザまでほらぬくぬく北斗七星をYEAHコタツから眺めるのっ絶景日和の今日はYEAH裸足でほらぬくぬくパジャマだからYEAH眠っちゃいたいよむにゃむにゃとくるくるっと回る星の数ひゅるりと流れてく流れ星今は起こさないでねあたしは夜寝坊してるのこの歌詞をマイ歌ネットに登録 >このアーティストをマイ歌ネットに登録 >
0,コンクリートの向こう側へ,2012-11-14,"22,906",コンクリートの向こう側へ沈む精神的にはさ安定してるはずなのにさこの歌詞をマイ歌ネットに登録 >このアーティストをマイ歌ネットに登録 >
0,最悪な少女の将来,2010-12-22,"48,772",彼女は普段は良い子で精神病もちで発病した時大嫌いな歌を歌う友達もその日は他人になるから絵で描いたレズダチと彼女は一人遊んでるね泣き癖にリーゼ飲ませてなんとか今日も着席してる休み時間をトイレに流すように最悪、みんな死んでしまえ彼女はなんとかいい子で演じることもできてバカアホドジキャラ最悪な少女の練習生理痛と過呼吸と吐き気と躁鬱病とウェブ上のレズダチと彼女は少し楽しそうね泣きだした涙もゴミじゃ山手線に飛び込みそうじゃんママにはもう犯罪なんちゃら状態最悪、みんな死んでしまえあーもう、今日も最悪な顔だなぁだってパニックしていく夜の中涙がとまらないそんな泣き癖にリーゼ飲ませてなんとか今日も着席してる休み時間をトイレに流すように最悪、みんな死んでしまえパニくりだした涙がとまんないこの歌詞をマイ歌ネットに登録 >このアーティストをマイ歌ネットに登録 >
0,さわやかな朝,2010-12-22,"24,200",イラっとするな。ほんと日差しのせいですきっとさわやかな朝、ベランダから嫌味のようにねきょどってくるなぁほんと朝食なんかいらね目覚ましテレビの占いが呪いを僕にかけているよママが「早く食えよ」って、そりゃませかせか朝モードパパが腕立て伏せを始めたら、そう同じ一日がやってきます僕は何を学ぶのかもしや世界が爆発しちゃうかもなんてことがあるわけねぇイラっとするな。ほんとさわやかすぎるぜちくしょう菜の花香る その道でぶつぶつ言うなよイラっとするぜ、ほんと糞むかつくぜ、ほんと何かが違うと思っても、朝はねにこにこしているぞママが「早く出てけ」って、そりゃませかせか朝モードパパが変な棒をパタパタさせたら同じ一日がやってきますそういう事にしそうなのです今日も朝の日差しに包まれたごまかされちゃって生きているさわやかなその朝がとてもスガスがしいよイラっとくるなぁなんて思っちゃいませんよさわやかな朝があるこの歌詞をマイ歌ネットに登録 >このアーティストをマイ歌ネットに登録 >
0,33才の夏休み,2018-07-04,"37,397",世界と僕は変わり果てて　年だけとってたチャート見てモナコインとこの夏の声を聞いているんだ勇気を出せなかった事　結果がこのザマあの未来を避けたのは自分さ空浮かぶ君の雲　寂しげ夏甘酸っぱい可能性をまだ秘めているきっとこの先は叫んだって君との夏はいつか終わるんだって消えていこう水色の街中へガキの頃見下していたような大人になったかい同世代のバンドだって解散してゆくニュースばかりで中卒からリスタートかな他人事じゃねえあのニートにっこりと笑って空浮かぶ君の雲　寂しげ夏案外慣れてっちゃうんだ人生クソな暮らしもきっとこの先は飼い猫だっていなくなる時が失っていくんだもっと僕は色々と空浮かぶ僕の雲　寂しげ夏33才さ人生にただ疲れてるきっとこの先は寂しくって君の名前を呼ぶ事もあるんだ消えていこう水色の街中へカンカンと枯れて空浮かぶ君の雲　寂しげ夏甘酸っぱい可能性をまだ秘めているきっとこの先は酒に酔って　目が覚めた時失っていくんだもっと　僕は色々と空浮かぶ僕の雲　寂しげ夏33才さ人生にただ疲れてるきっとこの先は叫んだって君との夏はいつか終わるんだって消えていこう水色の街中へカンカンと枯れてカンカンと枯れてこの歌詞をマイ歌ネットに登録 >このアーティストをマイ歌ネットに登録 >
0,静かなあの子,2020-01-08,"14,839",光がさす　白い鉛筆で貧血してく白い景色を描く電車はゆれる　過ぎさってく全てに格の違いを見せてやればいいと思うよあの子の声は静かなメモリー静かな時を机に死にそうにうつぶせてあの子の声は音楽室でも静かな時を机に死にそうにうつぶせて非常口の照明　しんとして暗い廊下で　背後霊に気をつけ電車はゆれる　過ぎさってく全てに停電してく意識と　どっかいきそうねあの子の声は静かなメモリー静かな時を机に死にそうにうつぶせてあの子の声は音楽室でも静かな時を机に死にそうにうつぶせて午後6時になったんだって帰るようにメロディ陰りにピアノを誰がいつも弾いてるか知らないし帰りたくないし実はいないし静かな時を机に死にそうにうつぶせてこの歌詞をマイ歌ネットに登録 >このアーティストをマイ歌ネットに登録 >
0,死にたい季節,2010-03-10,"93,710",桜が咲いて春の風が吹いたサクラにひっかかり自爆中さ僕は聖なる声が、メロディ奏でたら今すぐ、今すぐ、僕を見つけてねぇ、そうだろう。諦めてると僕らはなぜか少し生きやすくなるねぇ、そうだろう。この季節の中でかけても僕のラジカセは流れないバスに乗り遅れてげんなりしたらいいじゃん8時に間に合わなくてめざましテレビ見てろよ知恵の林檎を今更食べても遅いから今すぐ、今すぐ、どこかに行こうねぇ、そうだろう。諦めてると僕らはなぜか少し生きやすくなるねぇ、そうだろう。この季節の中でかけても僕のラジカセは流れない僕は早く死にたい、僕は早く死にたいそんな死にたい季節僕は早く死にたい、ぼくはねぇ、そうだろう。諦めてると僕らはなぜか少し生きやすくなるねぇ、そうだろう。この季節の中でかけても僕のラジカセは流れない僕は早く死にたいそんな死にたい季節。この歌詞をマイ歌ネットに登録 >このアーティストをマイ歌ネットに登録 >
0,白いたまご,2010-12-22,"20,715",白いたまごしょぼい人ね白いたまごしょぼい人ね今すぐ壊して今すぐ壊して今すぐ壊して今すぐ壊して白いたまごこいつのことよ白いたまごあなたの子供今すぐ壊して今すぐ壊して今すぐ殺して今すぐ壊して今すぐさ今すぐその卵をここでかち割ってくれ今すぐさこの卵をここでかち割ってね今すぐにさこの歌詞をマイ歌ネットに登録 >このアーティストをマイ歌ネットに登録 >
0,新宿駅,2014-09-10,"29,264",新宿駅にも6月雨が降る偉そうに立つビル大した事ない中身ちかれてない？覚えてない？調子こいたガキの頃の自分が襟を立て何様にもなれないのさ戦争行く日もたまには来るんだとさビニール傘越し下向いてるこいつらがちかれてない？小遣いない？だって名前も投資しちまった匿名希望でさ何様にもなれないのさ俺はちかれてない？下駄箱の革靴は濡れたままさ嘘つき爽快な気持ち始発にぶら下げて、ふと晴れ渡る朝がある新宿駅ここが新宿駅ここが新宿駅ここが新宿駅君の事をさここが新宿駅ずっと探し回っているよ今日も新宿駅でずっと逃げ回っているよ君の事から君の事から君の事からずっと逃げ回ってんだよ君の事からずっと逃げ回ってんだよ君の事から新宿駅でこの歌詞をマイ歌ネットに登録 >このアーティストをマイ歌ネットに登録 >
0,自分らしく,2010-12-22,"34,995",男らしく女らしく生きてけとみんなが言うでも僕はそんな事ができない男らしく女らしく生きてけとみんなが言うでも僕はそんな事ができない男にも女にもなれやしない僕だからみんなの目が厳しいとちょっとつらい男にも女にも嫌われてる僕だから自分らしく生きたい男らしく女らしく生きてけとみんなが言うでも僕はそんな事ができない女々しくもなりたい人力強く生きたい人でも僕は、でも僕は、もっと男にも女にもなれやしない僕だから髪型も生き方もロックしたい僕だけどあたしもいる嫌われても人間らしく素直に今歌いたいのです男の子になった　女の子になった男の子になった　女の子になったyeah！そうさ男にも女にもなれやしない僕だから生き様も生き方もロックしたい男にも女にも嫌われてる僕だから嘘をつく事さえもできやしない馬鹿だから男にも女にもなれやしない自分らしく生き方も生き様もロックし続けたいだから僕だけどあたしもいる、嫌われても人間らしく素直に今歌いたいのですこの歌詞をマイ歌ネットに登録 >このアーティストをマイ歌ネットに登録 >
0,スピード,2010-12-22,"18,366",得体の知れないスピードで走っていくんだろうな僕はどこかにいくその激突さ80キロ90キロで100キロで飛ばすその運命時空の中へ駆けてゆけば僕らはひとりぼっちだ時空の中まで走ってけば僕らはひとりぼっちだひとりぼっちになりたいければ一人ぼっちになりたければ走れ走れスピードで走れ走れスピードで独りぼっちが好きだったら走れ走れスピードで走れ走れスピードで誰にも見えないスピードで「そんなスピードが大切ならさ、一人で生きていけばいいジャン」なんて言われるかもしれないけど君は甘ったれだから60キロにたまになって60キロ、50キロ、40キロで遅くなって僕は優しくされたりしたいのです僕は優しくされたりしたいのです得体の知れないスピードで僕らはのっかっているんですけど50キロ、40キロ、30キロでたまに走ったりするのです他人に見られたりしたいのです他人に見られたりもしたいなぁ2度と来ないその未知なる場所まで走ってけ2度と来ないその未知なる場所まで走ってゆけ2度と来ないその未知なる場所まで走ってけ2度と来ないその未知なる場所まで走ってゆけどうせ僕と君、優しくされたりしたくなるどうせ僕と君だから、優しくされたりしたくなるんだろうなぁだから走ってけ、走ってけ、走ってけ今のうちだぜそのスピードで走れ走れ、走れ、走れそのスピードでこの歌詞をマイ歌ネットに登録 >このアーティストをマイ歌ネットに登録 >
0,ズッ友,2014-06-25,"137,922",春の日の午後雨はちらつき涙もろいね季節はずれだ初恋はまだ黙り続ける涙が出たと勘違うからきっと言葉にできないよねと隠れ場所でも探してみるか教室を出て真実を見てほしいからたまに歌えばいいのかな君に出会ったんだ白目に咲いた物語2人だけになりたい激しくキスしたらズッこけていったんだあやとりする君と絡まる鏡の中で春の街角そんな場所などないと思うよ信じこむから理科室の窓開けないとほら涙が出たと勘違うからママに言えない事ができてくまるで私は季節はずれだ教室を出てヒトカラ駆ける街の中たまに歌えばいいのかな君に出会ったんだ冷ややかな目で見られたい2人だけになりたい社会を隣りしてズッこけていったんだ帰りたくないから君に飼い殺されてたい神は罰するか私の白い部屋で鳴るこのワルツ新しい世界が魅惑な君がいたマリア少々のお許しを私の本性美しすぎてバイオロジカルを超えてく君がいた花火大会を通り越し君んちに行ったんだベランダ2人腰かけてなぜか寂しくなるずっと一緒にいられる？キスしたらズッこけていったんだあやとりする君と絡まる鏡の中で春の日の午後雨はちらつきまるで私は季節はずれだ初恋はまだ黙るだけです今日の続きを信じるだけです信じるだけです愛がどーとかいらん茶々です信じるだけです今日の続きを信じるだけでこの歌詞をマイ歌ネットに登録 >このアーティストをマイ歌ネットに登録 >
0,聖天脱力,2010-12-22,"17,644",朝だ　きのうの空腹を満たすだけど全くやる気が出ないのです僕らはやる気がない僕らは脱力系そうさ脱力系朝ですよ誰だ大声で僕を呼ぶのはうるせえ全くそうさ朝がドアを叩いた僕らはやる気がない僕らは扉をあけたらいつもの脱力系朝ですよ聖天脱力聖天脱力聖天脱力聖天脱力1.2.3.4.2.2.3.4…朝だ　きのうの空腹を満たすだけどこの歌詞をマイ歌ネットに登録 >このアーティストをマイ歌ネットに登録 >
0,制服b少年,2011-08-31,"22,655",生まれました　鏡見ると僕の顔面がまじできもち悪い0と100と違う　せめてノーマルモードにしてください変態奇形がドレスを着ちゃダメでしょ制服美少年が裏から　僕の方ジロジロジロジロ見ているギョろっとしている人の目悪魔の目ジロジロジロジロこっちを見るなー!!慰めてよ　近寄るなよ　私顔面がまじで気持ち悪い「ブスは死ねばいいのに」　神様貴様を殺したいっ一ツーのあーギャル共にやにや見てくるなよ携帯片手になにやら　私の方ジロジロジロジロ見ているギョろっとしている人の目悪魔の目ジロジロジロジロこっちを見るなー!!キモチガワルイヨネ、マジキモスギナンダケドマタヒトリデイルヨ、アイツッタラキモチガワルイヨネ、マジキモスギナンダケドほら、ジロジロジロジロ視線が語るよギョギョギョギョギョろっと!生まれました、アレレのレなんだかここじゃお呼ばれないみたい0と100と違うせめてノーマルモードにしてくださいな変態奇形がドレスを着ちゃダメでしょいつまで　死ぬまで　みんなは　あなたの方ジロジロジロジロ見ているギョロっとしている人の目、悪魔の目ジロジロジロジロこっちを見るなーキモチガワルイヨネー、マジキモスギナンダケドマタヒトリデイルヨアイツッタラーキモチガワルイヨネー、マジキモスギナンダケドほら、ジロジロ視線が語る「気持ち悪い」「気持ち悪い」「気持ち悪い」「気持ち悪い」「お前気持ち悪い」「気持ち悪い」ジロジロジロジロ視線が語るよギョギョギョギョギョろっと!この歌詞をマイ歌ネットに登録 >このアーティストをマイ歌ネットに登録 >
0,背伸び,2014-09-10,"16,376","映画っぽい夢みたい背伸びした君が見てる作られたその世界をくだらねえ君の笑顔が最高なんだじゃあさ君には教えてあげよう背伸びさせとこう現実との差をじゃあさ君には教えてあげよう背伸びした子どものあなたを覚えてよう映画っぽい夢みたい背伸びした君が見てる身長高い彼氏くだらねえこっち見ろよ、俺じゃどうなんだじゃあさ君には教えてあげよう背伸びさせとこう現実との差をいつか全てが嫌になっちゃっても背伸びした子どものあなたを守っていようoh,oh,夜が綺麗だなあおいoh,oh海辺の砂浜で彼女は夢をボトルに詰めてぶん投げた増したとこもあるのかと思ってたらガキの顔をする星空la,laその手をla,la伸ばしてさ消えたいとかさ死にたいとかさlalala　言葉足らずがさ吐き捨ててく他人をさ見下すけどさ分からないのか我慢ってやつをさ背伸びした子どものあなたを守っていたいこの歌詞をマイ歌ネットに登録 >このアーティストをマイ歌ネットに登録 >"
0,躁鬱電池メンタル,2014-06-25,"26,029",リクエストに答えておっと来たメールのコーナーあたしそれじゃ殺気だったお悩みを投げとこうドライヤーで乾かした楽観主義な服を着たらあたしそれじゃ罰かなハマらないコンタクト躁鬱電池メンタル病める夏怖い夏会いたくないよ団地アルバルト遥かにそれは夏の事青い朝、久しくと町で普通の1人になる髪を切りに行こうかなとやっぱりやめようかと電池差し替える度消えてゆくかわるがわる季節のように少しでも伝えたいそして出した刃物蓋を閉め忘れた炭酸ジュース飲みながらさあたしそれじゃなんだかこう酸っぱい味しかしないリクエストに答えてイッケイケにしてくれないかあたしそれじゃ罰かな足掻いてるコンタクト躁鬱電池メンタル病める夏怖い夏会いたくないよ団地アルバルト遥かにそれは夏の事お願いまた違う人のような鋭利さが出てきても少しでも伝えたい本体のこの想い電池差し替えても新しいあたしを噛み切るあたしがさ少しでも伝えたいそして刺したナイフ躁鬱電池メンタル病める夏怖い夏会いたくないよ団地アルバルト遥かにそれは夏の事この歌詞をマイ歌ネットに登録 >このアーティストをマイ歌ネットに登録 >
0,そよぐ風の中で,2016-07-06,"22,319",電信柱と話したらICチップを入れられんたんだきっとね、何かが始まるんだこの先不安農薬で身体を流して洗剤で嘘が花束持った渋滞してゆく周りを見てみればたまに間違える人がいて場違いな人に見られてこっち向いた君の顔はイかれてよかったんだろたまに間違える人がいて電車ホームに日々飛び込んで残念だと彼らしく死ねてさよかったんだろいいとこ彼女は退社してメンヘラ日和は静かになった憔悴しきった40の誕生日たまに間違える人がいて考えも否定されて泣きそうな君の顔はイカれてよかったんだろう僕はそよぐ風の中で存在が消えてゆくようさ泣きそうだよと素直に言えたらよかったんだろうたまに間違える人がいて場違いな人に見られてこっち向いた君の顔はイかれてよかったんだろう僕はそよぐ風の中で存在が消えてゆくようさ泣きそうだよと素直に言えたらよかったんだろう言えたらよかったんだろう言えたらよかったんだろうこの歌詞をマイ歌ネットに登録 >このアーティストをマイ歌ネットに登録 >
0,たんぽぽ,2016-07-06,"18,211",やっと戻れば世界は遠く玄関のドアをきつくロックしてバイバイみたいな都会を上がって下がってトカゲすら見かけないよジワジワと苦しめているふっと町抜けたら綺麗な雨があるルーペが銀色して見つめられても錆びついた髪汽車に絡ませて今夜僕は　風を枕にするよ古本屋のピーターラビットは言うつまりはねボロ靴も地図の外はみ出ちゃってんのさ　派手にツルッと滑って45歳になった頃大好きな人が星になっていつまでも空に高く笑っていりゃ夢見パジャマを着て主人公になろうか風の中に金を無くしても今夜僕は風を枕にするよ夕焼け貫け上昇気流待ってるよエヴァンジェリスティ驚かせに行こうぜ何もないけれど　僕は君に言ったんだ声をジャンプさせてふっと町抜けたら綺麗な雨があるルーペが銀色して見つめられても錆びついた髪汽車に絡ませて今夜僕はいつまでも空に高く笑っていりゃ夢見パジャマを着て主人公になろうか風の中に金を無くしても今夜僕は風を枕にするよこの歌詞をマイ歌ネットに登録 >このアーティストをマイ歌ネットに登録 >
0,だいじょぶわないじゃん,2014-09-10,"19,147",宇宙みたいになっちゃえばさちょっとマシになると言ったねちゃんと上から見ているんだねお家に僕は帰れねーよあー、どうしようかなあーどうしようあー、どうしようかなあーどうしよう地球にいると安全かなさすがにそりゃないもぐらさちゃんと上から見ているんだねお仕事僕は行かないよあー、どうしようかなあーどうしようあー、どうしようかなあーどうしようだいじょーぶって言ったよね？知ったこっちゃないよな知ったこっちゃねぇなあ？だいじょーぶって言ったよね！知ったこっちゃないよな知ったこっちゃねぇなあ！あー、どうしようかな例えば何する？僕は朝予定が特に思いつかないあー、どうしようかなあーどうしようあー、どうしようかなあーどうしようこの歌詞をマイ歌ネットに登録 >このアーティストをマイ歌ネットに登録 >
0,知恵ちゃんの聖書,2012-10-10,"18,477",布教活動する知恵ちゃん雨の中で泣いてるはぶられた「あーまじすか」、とため息を濡らす女の子ほら、知恵ちゃん勇気だよ知恵溢れるその瞬間に心読める人がいる空めがけて団地で飛び降りた天国行ける人もいるそんな女の子ほら、知恵ちゃん聖書だよ知恵溢れるその瞬間に頭いいからね知恵ちゃんは考えすぎてしまうんだ生き方も勉強だ当たりまえだのクラッカーあそこから落ちたらば傷つくもんだと思いますそれでもね、知恵ちゃんは優しい人でいなさいな頭いいからね知恵ちゃんは考えすぎてしまうんだそれでもね、優しいね天使のような人目指してみんなから嫌われて傷つくもんだと思います優しさをあげれるような優しい人でいなさいな知恵ちゃん、君は知恵溢れる人だからこの歌詞をマイ歌ネットに登録 >このアーティストをマイ歌ネットに登録 >
0,ちりとり,2010-03-10,"41,070",だからと言って僕は逃げていたわけじゃありませんすいません嘘つきました、いまあなただけ　あなただけそれだけなんです多分僕はちょっと多分僕はちょっと多分　多分ばか、なんですやぁ去年も1階から3階へ夏の声をジャンプさせましたあなたには　あなたには届きもしません多分僕はもっと多分僕はもっとばかに　ばかになれば放課後僕と君掃除当番同士少し喋りました優しくしようとして先帰っていいよなんて言っちゃいました　また僕はああ　ばか1、2、3と数えました1、2、3と4、5、6と数えていたら出てくる出てくるあなたの事ばかり次々と次々とあなたの事ばかりなんですかこれなんなんですかこれはー!そう　街の灯をなぞってさっき帰っちゃった君を追いかけました最後にくれたあの一言と最後にくれたあの微笑みが足を加速させてゆく掃除当番あなたとやれてよかったと思ってますあなたの美しいちりとり捌きをみれただけでも本当によかったと思ってますしかしだあなたは僕の心までちりとっちゃったのですそれは完全に奥までちりとっちゃったのです僕もあなたをちりとりたいのです奥まで奥までこの歌詞をマイ歌ネットに登録 >このアーティストをマイ歌ネットに登録 >
0,通学LOW,2010-12-22,"17,293",真っ黒な顔をして笑っている真っ青な空の下うつむいてる真っ黒な顔をして歪んでゆくその真っ青なその世界で笑っている通学LOW通学LOW通学LOW通学LOW真っ黒な顔をして笑っているきっちりと洗濯をしたってのにそいつが今すぐに歩きはじめると真っ青な顔をして笑ってゆく通学LOW通学LOW通学LOW通学LOW真っ黒な顔をしてしっかりと笑うのか真っ青な顔をしているよね、と声が聞こえるにょろにょろとふらふらとぶらぶらと続いてゆく通学路殺してやりたい君が微笑むこの歌詞をマイ歌ネットに登録 >このアーティストをマイ歌ネットに登録 >
0,天使じゃ地上じゃちっそく死,2010-12-22,"31,943",いやだ、いやだ。いやだ、もういやだー死にたいな便所の外に死にたいな便所の外にいやだ、いやだ。いやだ、もう嫌だ死にたいな便所の外に死にたいな天使が落ちる死にたいな死にたいなもう嫌だいやだ、いやだ。いやだ、もういやだ嫌だ、嫌だ、嫌だもう嫌だ死にたいな、死にたいな、死にたいな、死にたいな、死にたいな、死にたいな、死にたいな，苦しい嫌だ死にたいな、死にたいな、死にたいな、天使が落ちる、死にたいな、死にたいな、死にたいな、死にたい死にたいこの歌詞をマイ歌ネットに登録 >このアーティストをマイ歌ネットに登録 >
0,天文学的なその数から,2016-07-06,"30,482",君は死んだガリレオ北の空に輝いてるカシオペア両手の指で流れ星を作ってはすぐ消えてゆく長い信号を待つ　昼間から1年中見つめてる両手に位置する僕と君が会う事はありえないと言う七夕な願い事は理屈超えた事をほら書かなくちゃ両手の紙と鉛筆で眺めたいだけじゃないんだよ僕は天文学的なその数から奇跡を引き出せよ僕は会いたくて君に会いたくて水平線に広がる夜空を君と追いかけてく僕は会いたくて君に会いたくて君は死んだガリレオテントから流れてく夜のラジオ星数数えていたらドジだな君はずっこけたんだ長い信号を待つ少しだけ言いたい事がまだある白くなる息にパーカー着せて君は笑っているね悲しい夢を見せてくれよ君は逸何時も僕は会いたくて君に会いたくて水平線に広がる夜空を君と追いかけてく僕は会いたくて君に会いたくて車に引かれそうな交差点で僕は君の手をかすった気がして天文学的なその数から奇跡を引き出せよ僕は会いたくて君に会いたくてクリスマスツリーの向こう側街を離れても君はどこ行ったんだよ会いたくて　君に会いたくてこの歌詞をマイ歌ネットに登録 >このアーティストをマイ歌ネットに登録 >
0,ディレイ,2019-08-11,"13,067",朝涼む光へエフェクトかけていく現実を避けていく　ゴミばかりさ水色へと着替えていく早口では伝えきれないんだなんだかこう嘘っぽいね世界はあの娘も　街の中へ夏の感情は強がりまるで僕はひとりきりメモリーカードのそん中身絡まって　ないようにねスマホは空へぶん投げる一瞬の眩しい青へ駆ける電車に乗りこみゃ通話できないようにないようにするだけさ頭からディストーション景色はスローモーション扇風機ぐーたら浴びていくんだ水色へと着替えていく点滅中　信号みたいに不安定なんだかこう嘘っぽいね世界はあの娘も　恋に振られ夏のバイトはクッソだりい来週僕の待ち合わせさメモリーカードのそん中身絡まって　ないようにねラジオ体操は通り過ぎバイト終わりに縁を切る電車に乗りこみゃ通話できないようにないようにするだけさ夏の感情は強がりまるで僕はひとりきり残像が向日葵の中で絡まって　ないようにねスマホは空へぶん投げる一瞬の眩しい青へ駆けるディレイしてくんだこんな日々水切ってピョンピョンっと消えていくディレイしてゆくディレイしてゆくディレイしてゆくディレイしてゆくディレイしてゆくディレイしてゆくこの歌詞をマイ歌ネットに登録 >このアーティストをマイ歌ネットに登録 >
0,塔を登るネコ,2018-07-04,"9,951",ねこねこねこねこねこねこ　ねここねこねこねこねこねこねこねこ　塔登るねこねこねこねこねこねこ　ねここねこねこねこねこねこねこねこ　塔登る空を見上げてみれば照りつける朝日が！空を見上げてみれば照りつける朝日が！ねこを呼んでいるのだ寝てる場合じゃねえと！ねこを呼んでいる寝てる場合じゃねえと！ねこねこねこねこねこねこ　ねここねこねこねこねこねこねこねこ　塔登るねこねこねこねこねこねこ　ねここねこねこねこねこねこねこねこ　塔登るねこはコタツを蹴飛ばして天空空登るマタタビ取り出して天空空を飛ぶねこはコタツを蹴飛ばして天空空登るまた旅ふらり旅　天空空登るねこねこねこねこねこねこ　ねここねこねこねこねこねこねこねこ　塔登るねこねこねこねこねこねこ　ねここねこねこねこねこねこねこねこ　塔登るこの歌詞をマイ歌ネットに登録 >このアーティストをマイ歌ネットに登録 >
0,匿名希望くん,2020-01-08,"11,182",匿名を希望に生きてしまえば何を恐れる事があるでしょう僕を名指しで　呼んでくれるか全て抱きしめてくれよ　今夜どれだけどれだけの人生(とき)を超えたか灯るこの世界の机の下で愛は与えないともらえないって隠れながらも知ってたそして君が気持ちが悪い僕の名前を呼んでくれた優しい夜はメロディが長い詩的な事(ことば)だって生まれていったどれだけどれだけの人生を超えたか人類最大の発明をもってしても言葉や文字という怨めしい産物それも愛に使えば匿名も希望に変えていこうか君がくれたんだ僕の居場所を悩みはつきない雨は降りやまない先の事を　考えすぎてもさしょうがないけれどねしょうがないけれどさあこの歌詞をマイ歌ネットに登録 >このアーティストをマイ歌ネットに登録 >
0,友達なんていらない死ね,2012-11-14,"59,300",ショットガンであいつの頭ぶちぬいてシチューで食べたいやつがいるお友達ごっこしなくちゃいけないなクラスのルールを守ったら午後2時　精神科家族連れの君もいる待合室ではねお互いまっ白ねえっまじ!?そんなセリフが言えたときお友達ってやつがいるのかなえっまじ!?そんなセリフが言えたとき　お友達ってやつがいるのかいるのかえっまじ!?そんなセリフが言えたときお友達ってやつがいるのかなえっまじ!?そんなセリフが言えたとき　お友達ってやつがいるのかいるのかちょっと最近様子がおかしいみたいだどーすればいいかわかりませんお友達なんていらないのあたしクラスのみんなが気持ち悪い午後2時　精神科家族連れの君もいる待合室ではねお互いまっ白ねえっまじ!?そんなセリフが言えたときお友達ってやつがいるのかなえっまじ!?そんなセリフが言えたとき　お友達ってやつがいるのかいるのかえっまじ!?まじ!?うっそでしょ!?休み時間によくある景色えっまじ!?そんなセリフが言えたとき　お友達ってやつがいるのかいるのか淡々とタンタンタンタンタンタンタンタンバリンを一応鳴らして一応生きてる淡々とタンタンタンタンタンタンタンバリンで首を吊っちゃった君もいたんだよ午後2時　精神科家族と車で行く車の窓を開けて「秋の空がとても綺麗だ。」えっまじ!?そんなセリフが言えたときお友達ってやつがいるのかなえっまじ!?そんなセリフが言えたとき　お友達ってやつがいるのかいるのかえっまじ!?まじ!?うっそでしょ!?休み時間によくある景色えっまじ!?そんなセリフが言えたとき　お友達ってやつがいるのかいるのか淡々とタンタンタンタンタンタンタンタンバリンを一応鳴らして一応生きてる淡々とタンタンタンタンタンタンタンバリンで首を吊っちゃった君は死んだんだタンタンタンタンタンタンタンタンバリンを一応鳴らして一応生きてる淡々とタンタンタンタンタンタンタンバリンで首を吊っちゃった君は死んじゃったんだこの歌詞をマイ歌ネットに登録 >このアーティストをマイ歌ネットに登録 >
0,鳥みたくあるいてこっ,2012-11-14,"13,523",飛来したての鳥がいる後戻りもできるけれど朝が来たら僕のストーリーをえんぴつで描いてこう由来のない名前です本当にこれが俺になれる名前なのか僕のストーリーをえんぴつで描いてこうあっちに飛んでく鳥を追いかけてく無理しないように僕は本当に気をつけようぜ2ページ目があるよストーリーは僕が行くか行かないのかってだけで正解と未来と目の前の事実観察してるだけのおいてけぼりじゃ君ってやつがいるストーリーに僕はとても会えないぜ今日も吹く吹く風の中を鳥みたくあるいてこっゆくゆく風の中は厳しい事ばかりさっ暗い顔してるワケは色々あるから聞かないよ朝が来たら僕のストーリーをえんぴつで描いてこう腐った羽、背につけて本当にこれが俺になれる翼なのか僕のストーリーをえんぴつで描いてこうぜっあっちに飛んでく鳥を追いかけてく無理しないように僕は本当に気をつけようぜ2ページ目があるよストーリーは僕が行くか行かないのかってだけでファミマかセブンイレブンかミニストップか決断力まであやふやじゃ君ってやつがいるそのストーリーに僕はとても会えないぜ今日も吹く吹く風の中を鳥みたくあるいてこっゆくゆく風の中は厳しい事ばかりさっ苺ジャムとスコティッシュフォールドが僕の全財産広がる空を見渡す僕の高度、俺の名前はもうここにあるんですあっちに飛んでく鳥を追いかけてく無理しないように僕は本当に気をつけようぜ2ページ目があるよストーリーは僕が行くか行かないのかってだけで正解と未来と目の前の事実観察してるだけのおいてけぼりじゃ君ってやつがいるストーリーに僕はとても会えないぜ今日も吹く吹く風の中を鳥みたくあるいてこっゆくゆく風の中は厳しい事ばかりさっ僕が俺になれるその日は鳥みたく地も這うぜっゆくゆく風の中は厳しい事ばかりさっこの歌詞をマイ歌ネットに登録 >このアーティストをマイ歌ネットに登録 >
0,トンネル,2018-07-04,"7,752",歩いて何分経つ、分からないぜ僕には一体何分経つんだ、僕のこのトンネルはどこまで続くんだ僕は死の予感がぴんっと感じたんだ、ぴぴんっと、いーんっと僕の頭に突き刺さっちまったのさそいつは抜けなくて「ここはどこ？」誉めてやるよあんた達を、よくここまで来たしかし出口はないぜ、出口なんかどこにもないぜそんな！そんな！出口がないの？入り口があった、入り口があったじゃねぇかよ出口がないなら入り口いこうない！この歌詞をマイ歌ネットに登録 >このアーティストをマイ歌ネットに登録 >
0,怒鳴るゆめ,2010-12-22,"24,497",さんざんな目にあっても忘れ方を知らなくても僕は行くのだ僕を笑わせんなと壮大な冒険だ!なんて一言言えればだ僕は行くのだ僕を笑わせんなと怒鳴るゆめはどこまでもあの海を越えてくから悲しい顔もたまにゃ隠すさそう誰よりも何よりも叫ぶ Vol はフルでなめられないように歌ってやるのだ夕暮れの空の下一人きりでも歌うんだ僕がいるなら君もそこにいるからそう、さんざんな目にあっても忘れ方を知らなくても僕は行くのだ僕を笑わせんなと怒鳴るゆめはどこまでもあの海を越えてくから悲しいゆめ、辛いゆめも見るんだろうなだけどいつの日かすれ違うでかいクジラ前にしてなめられないように歌ってやるのだ怒鳴るゆめよどこまでも海を越えていけよなぁ!僕らなんてちっぽけって言わせないぜいつの日かすれ違うでかいクジラ前にしてなめられないように歌ってやるのださんざんな目にあっても忘れ方を知らなくても僕は行くのだ僕を笑わせんなとるーるるらーらこの歌詞をマイ歌ネットに登録 >このアーティストをマイ歌ネットに登録 >
0,"drugs,ねー子",2016-07-06,"11,846",にゃーにゃあ泣いてる猫たちがにゃあにゃあ泣いてるフリをするにゃあにゃあ泣いてるフリをするにゃあにゃあ泣いてるフリをするヤルきはねぇ！ヤルきはねぇ！ヤルきは　そんなもんはないぴょんにゃーにゃあ泣いてる猫たちはにゃあにゃあ泣いてるフリをするにゃーにゃあ泣いてる猫たちはにゃあにゃあ泣いてるフリをするヤルきはねぇ！ヤルきはねぇ！ヤルきはそんなモンはヤルきねー子だヤルきねー子だヤルきねー子だヤルきねー子だヤルきねー子だヤルきねー子だヤルきねー子のウタを聞いてもヤルきねー子のウタを聞いてもヤルきねーこの曲を聞いてもヤルきねー子のウタが聞こえるヤルきねー子のウタが聞こえるヤルきがないくせに生きているこの歌詞をマイ歌ネットに登録 >このアーティストをマイ歌ネットに登録 >
0,ドレミファだいじょーぶ,2012-03-28,"18,242",誰にも内緒で　お出かけなのよ何処に行こうかな(ok! you got it!)誰にも見られず　お買物なのどれにしようかな(baby! take it easy!)たまにゃ一人で大人の真似を心おきなくドレミファソラシ(you know your lifemust be in your hand)ドレミファソラシドドシラソファミレドレミファソラシド(baby! go ahead)誰もいなくても　淋しくはない好きにできるから(ok! you got it!)何を作ろうか　あてはないけどどうにかなるでしょう(baby! take it easy!)今がチャンスだジャマはいないぞ何をしようかドレミファソラシ(you know your lifemust be in your hand)ドレミファソラシドドシラソファミレドレミファソラシド(baby! go ahead)こんなにしちゃって大丈夫かな?まあ　しょうがないドレミファソラシド(baby! don't worry)ドレミファソラシドドシラソファミレドレミファソラシド(one more time)ドレミファソラシドドシラソファミレドレミファソラシド(singin' out)ドレミファソラシドドシラソファミレドレミファソラシド(one more one more)ドレミファソラシドドシラソファミレドレミファソラシド(ahhh happy!)この歌詞をマイ歌ネットに登録 >このアーティストをマイ歌ネットに登録 >
0,仲間を探したい,2012-11-14,"27,372",夕方には僕も終わりだクレヨンももう書けないのにブランコにゆらりゆられる君が今となりにいるよ思いきって君と話したいこともあるよ仲間を探したい泣きたいだけじゃない大きなあかね空が僕の色さ仲間を探したい言葉もいらない大きなあかね空の下にいるよ夕暮れだよ僕も終わりだ怖いから諦めたのに喋りだすともう止まらない君が今となりにいるよ思いきって君と話したいこともあるよ仲間を探したいなんじゃらほいと笑えたら落ちこんじゃうな今日の僕の色は仲間なんていらないあっちにいけよと言っても大きなあかね空の下にいるよ君とこうやって遊べるのは何時頃までかなああの夏休みは近いと子供が歌ってるよ君とこうやってブランコ2人きりの風景とかさあの夏休みが終わっても続くのかなあ仲間を探したい別れるだけじゃない大きなあかね空が僕の色さ仲間を探したい言葉もいらない大きなあかね空の下で僕はもっと僕はさ多分君だって無くしてくから強くしてくからさもう来ない日々を無くさないように僕の空をさ強く進んでいくよこの歌詞をマイ歌ネットに登録 >このアーティストをマイ歌ネットに登録 >
0,夏のゆーれい部員スタートっ！,2014-06-25,"14,542",真夏の夜空に花火が打ち上がる近所でやるな夏祭りOH!真面目なオバ系女子でもゆーれいじゃないのやめてよね花瓶が置かれた席で見るぜんぜん気にしないからさひとりが好きなんで勘違いしないでね町のじじーの合図で静かな夜空に悲しみが次々打ちあがるうわっもう、やだなあ…打ち上げ花火は non!non!non!non!宿題やらなきゃパソコン閉じなきゃいけません試験に追われる夏休みOH!真面目なオバ系女子いつ彼氏ができるかわかりません近所で鳴る祭りばやしあー消えろと言われたあの日から欠席していく姿自殺したみたいなでした町のじじーの合図で静かな夜空に悲しみが次々打ちあがるわたあめは買いに逝きました浴衣姿を可愛く着こなしてもわたあめ顔面に投げつけてもねゆーれいは見えネェからなっ目と目があっちゃったら恥ずかしいからわたあめ買ったら帰るんだよっ3、2、1オバきゅーっ！ぜんっぜんっぜんっぜんっぜんっぜんっぜんっぜんっ！気にしないからさひとりが好きなんです思い出は残さないんです町のじじーの合図で静かな夜空に悲しみが次々打ちあがるわたあめは買いに逝きました浴衣姿を可愛く着こなしてもわたあめ顔面に投げつけてもねゆーれいは見えネェからなっ目と目があっちゃったら恥ずかしいからわたあめ買ったら帰るんだよっ3、2、1オバきゅーっ！ぼんぼりでおどりゃんせせっせっせーのよいよいよいっこの歌詞をマイ歌ネットに登録 >このアーティストをマイ歌ネットに登録 >
0,23才の夏休み,2010-03-10,"59,487",僕は今年で23才少し顔がやつれてる「夏が来た」なんて言ってもどこにも行かない予定がないからねギアをあげて今を過ごしていますひどすぎる夏休み走り出す君が僕にくれたあのキラカードその背中に貼り付けてやるよ今すぐに君の貯金はいくらあるんだい?そんなことは僕にかんけーない「夏が来た」だって今年も僕はきっと何もしないですチャリをこぎ続けて20才を過ぎた気ずかないふりをして走り出す君が僕にくれたあのキラカードその背中に貼り付けてやるよ23才になっちまったと九十九里浜に叫んでしまったよそして33才さサンサン太陽がむかつくぜそいや君はどうしているのかな?チャリをこぎ続けて過ごしていますくだらねぇ夏休み走り出す君は今どこにいる?何をしている?僕にはかんけーないのにねだけど気にしてしまう僕がそこにいるのさ変わり果ててく様を走らせる君が僕にくれたあのキラカードその背中に貼り付けてやるよ今すぐにそうさ今すぐにそんな夏休みこの歌詞をマイ歌ネットに登録 >このアーティストをマイ歌ネットに登録 >
0,22才の夏休み,2011-08-31,"40,276",声がする　八月の　君と行く　夏休み10年前　もうちょい前　あだ名があったころ夏がまた　来たので　ふと後ろを見たよ22才の僕は　22才の君より　22才してない　夏を行く君が僕にくれた　あのキラカード　その背中に貼り付けてやるよそんでやってきた　バス停前　半袖で君と待ち合わせ帰りてー、が本音です　断れよ、腰抜け夏がまた　来たので　ふと、耳を　傾けてしまうんだっ早く過ぎてしまえと　チャリのカゴん中退屈をぶちこんで　走り出す22才のこの今　あの日の姿その背中を　追いかけるように　飛ばしてんのに下駄箱から取り出した　シューズを履けばサイズ違いの気持ちを　突き動かせば全速力の君に　ついてくかのように変われない僕がここにいるんだ君なんて　大嫌い　だっつの22才の夏だ　ろくでもないな木漏れ日を浴びるたび　思うのです夏がまた来たからさ　出かけてみるよその背中を追いかけるように22才の僕は　22才の君より　22才してない　夏を行く君が僕にくれた　あのキラカード　その背中に貼り付けてやるよ今すぐにこの歌詞をマイ歌ネットに登録 >このアーティストをマイ歌ネットに登録 >
0,26才の夏休み,2018-07-04,"11,127",ジャスコな町にもイオンができたのさ千葉ニュータウンと僕がそこにいる死んだ顔で何を見てる虫採り網でつかまえろ26才の夏休み僕はかけらをただ拾い集めてる26才の夏休み僕はかけらをただ拾い集めてる26才の夏休み僕はかけらをただ拾い集めてる26才の夏休み僕はかけらをただ拾い集めてる涼しい朝僕は一人旅ぶっとばしたときの風が好きなんです死んだ顔で何を見てる虫採り網でつかまえろ26才の夏休み僕はかけらをただ拾い集めてる26才の夏休み僕はかけらをただ拾い集めてる26才の夏休みひとり懐かしさを拾い集めてる26才の夏休みひげを剃ることからまず始めているジャスコな町にイオンができたのさ千葉ニュータウンと僕は変化した失うことで金を手に入れた変わり果ててく夏休み26才の夏休み僕はかけらをただ拾い集めてる26才の夏休み僕はかけらをただ拾い集めてるなんだか僕は感受性ってやつが薄れている26才の夏休み　髭を剃ることからまず始めていけないな何にも感じなくなってきただから僕外に出て傷つけにいこうかななんていけないな何も感じなくなってきちゃだから今外に出て切なくなりにいこうぜ26才の夏休み僕はかけらをただ拾い集めてる26才の夏休み僕はかけらをただ拾い集めてる夏がおわりゃまた働きアリとして続く日々26才の夏休み　北総線の高さには慣れているぜ26才の夏休み僕はかけらをただ拾い集めてる26才の夏休み僕はかけらをただ拾い集めてるなんだか僕は切ない気分になっちゃってる26才の夏休み　かけらをただ拾う　夏休みそんな夏休み Ah ahそんな夏休み Ah ahそんな夏休み Ah ah夏休み Ah ahこの歌詞をマイ歌ネットに登録 >このアーティストをマイ歌ネットに登録 >
0,2年,2012-11-14,"21,161",町を1つ歩く顔はやつれてゆく時折思うんだ君は優しすぎだよ変わるがわる景色の中で雨降りが僕をまた追いかけると涙から涙がまた出てくる約束を守れるわけないじゃんかなんて言うなよ僕またいつものようにさ2年後に2年前の今の僕らを笑い飛ばせるように時折僕ら真ん中道歩けますように赤い空夕暮れの屋根の下笑い飛ばせるように酒でも飲めばそんな事はどーでもいいのさ負け組若い時は僕は、若い時は僕はもっとやってやれるような気がしてたんだ町の隅で僕は、町の隅で僕は今にもこの首をちょん切ってやろうとしている約束を破るわけないじゃんて強がりを見せつけててもにやにやしながら見すかされてるんだろうな君には2年後に2年前の今の僕らを笑い飛ばせるように時折僕ら真ん中道外れちゃってるんです赤い空夕暮れの屋根の下あの子も何処かにいる時々そんな気もするんだそう信じたい2年前も　僕は同じことを呟いたりしたよ2年前も　僕は同じことを呟いたりしたのさだけど　何も　出来ないならもはや　何も　出来ないなら今度こそは　やってやると思ったり願うのさ2年後に2年前の今の僕らを笑い飛ばせるように時折僕ら真ん中道歩けますように赤い空夕暮れの屋根の下あの子も何処かにいる時々そんな気もするんだそう信じたいのさ夕暮れで光る街角さよならと僕に言うこんにゃくみたいな奴だなんて思ったんだろうねだけど僕　僕は行くのさ　さよならと言わないでそんな手には乗らないんだぜそんなバカじゃないぜこの歌詞をマイ歌ネットに登録 >このアーティストをマイ歌ネットに登録 >
0,ねこラジ,2010-12-22,"55,302",あの塔をめがけて　こたつを蹴飛ばせ変てこ耳たてて　ゲロねこラジオを聴きゃ月がこっち見てるから僕は行くんだ痛いセリフ一つ吐いて　ねこはニャンとゆくゆく塔の伝説を信じて　塔にのぼるようなバカになりたいのですトタン屋根の上よりもはるか上でさ　未知の電波受信したいにゃっ奥の底に沈む嵐巻き上げ　風になっていくのだ月の光なぞって　塔をのぼり続ける耳をかっぽじってよく聴けばいいのさこんな無気力な奴　こんなダメな僕でも塔にのぼる君はバカだニャン村のねこは僕をよいしょしまくるのですおじいちゃん、おばあちゃん　僕はゆきますアイムソーリーなんていうか　行ってきまっすどこまでもどこまでもどこまでもゆく　どこまでもどこまでもどこまでもゆく上へ上へ駆けのぼってく　上へ上へ駆けのぼってく上へ上へ駆けのぼってく　上へ上へ駆けのぼってくどこまでもどこまでもどこまでもゆく　上へ、上へ、上へのぼるのぼる最上階へ　電波はやられてきたイヤホンから流れる　流行の曲がざらつく見えない翼はいらねえ　ガキをなめてんじゃねえぞてめえ熱い魂が今　肉球に宿る天空　空のぼる　ねこラジサブカルチャー天空　空のぼる　そんな感じです。この歌詞をマイ歌ネットに登録 >このアーティストをマイ歌ネットに登録 >
0,ねこねこレスキュー隊,2017-09-06,"12,921",カップラーメン1つ食べて買った3分と神に感謝ミルク飲みほして新しい住み処へたぶん僕は1人暮らしセブンナポリタンスパゲッティ家出した少女書き込む在り処へ独立しなくちゃいけない僕はゆくよ今夜のご飯だケロベロスサーチライト暗い町中で1人の暮らし　寂しくねこはコンビニ帰りにレスキュー！レスキュー！にゃんたる声だしてねこはコンビニ帰りにレスキュー！レスキュー！僕の方を見るねこはコンビニ帰りにレスキュー！レスキュー！にゃんたる声だしてねこはコンビニ帰りにレスキュー！レスキュー！レスキューレスキューyouジャンクフード日々を食べてくこれは晩餐かまるで患者ミルク飲みほして新しい住み処へ独立しなくちゃいけない僕はゆくよ根性見せるぜケロベロスサーチライト暗い町中で1人の暮らし　寂しくねこはコンビニ帰りにレスキュー！レスキュー！にゃんたる声だしてねこはコンビニ帰りにレスキュー！レス僕と君はすれ違うねこはコンビニ帰りにレスキュー！レスキュー！にゃんたる声だしてねこはコンビニ帰りにレスキュー！レスキュー！レスキューレスキューyou独立しなくちゃいけない僕はゆくよ今夜のご飯だケロベロスサーチライト暗い町中で1人じゃにゃいよと旅立ちの声が聞こえる声が聞こえる世界に捨てられたような鳴き声が聞こえる声が聞こえる駅の向こうから旅立ちの声がこの歌詞をマイ歌ネットに登録 >このアーティストをマイ歌ネットに登録 >
0,8月の駅,2018-07-04,"12,541",段々と暑くなる　路地裏の通う道さバイト終わりの朝　ありがたみのない日差し8月の駅まで　歩いてみたんだ彷徨いながら　フラフラになっていくんだかっけえビートに乗っかって転んでくbaby　人生はさ　ほんといけないよなふっととなり駅に運ばれてしまいそうさbaby　僕も株で　300万溶かした果てまでいこうか夏のブルースを高架下で歌っている頭で考えてみるのはもうやめにしたんだ8月の駅まで　歩いてみたんだ幻の中までいっちまいそうさかっけえビートに乗っかって転んでくbaby　人生はさ　ほんといけないよなふっととなり駅に運ばれてしまいそうさbaby　僕の夢は　太陽浴びて仕事できたらいいかな身体が最近悪くなっちまったしなあ夏のブルースを高架下で歌っている頭で考えてみるのはもうやめにしたんだ8月の駅まで　歩いてみたんだ幻の中までいっちまいそうさbaby　人生はさ　ほんといけないよなふっととなり駅に運ばれてしまいそうさbaby　僕も株で　300万溶かした果てまでいこうか夏の空へビート乗っかって不安定両手で丸めるブルースに線路沿いゆく社会の片隅から流れるブルースに元気ないんだな最近なら　流れるブルースに死んじまった身体と生きてる心がめちゃくちゃになって8月に投げる8月の駅に流れるブルースに流れるブルースに問題なんてないないないぜ流れるブルースに流れるブルースに流れるブルースに問題なんてないないないぜyeah問題なんてないないないぜyeah問題なんてないないないぜyeah問題なんてないないないぜyeah問題なんてないないないぜこの歌詞をマイ歌ネットに登録 >このアーティストをマイ歌ネットに登録 >
0,花ちゃんはリスかっ！,2012-11-14,"26,879",ジャスコで買っちゃった武器を手に持ち198円全員殺せコンビニバイト始めた途端半そで着たらなんだそれちび　早く死ねちびって言われちゃいました咲いた花で枯れてリスカちょこちょこ切るこの小動物小さすぎる君はリスか死にたいってウソじゃないんだよほんとにばかっ幼い風邪を吹き続け嫌われて　愛もなくて　ぶっこわれるジャスコで買っちゃった武器を持つ時立ちはだかるのは非国民的英雄花子ねこのぬいぐるみがグサリこっちを見ているかわいい顔でなんだそれちび　早く死ねちびって言われちゃいました泣くことだけ頑張るからちょこちょこ切るこの小動物血が出たよっ!て君はリスか死にたいってウソじゃないんだよほんとにばかっ髪止めのゴムに縛られて生きるよりも死ぬよりもゆっくりねよー咲いた花で明日へリスカ小さすぎる君はリスだ枯れた花で幼い腕を切り刻んでいくよカスリ傷で生きるか死ぬか小さすぎる君の背ほど吹いた息は続く続く切り刻んでいくように19歳になる君は崩れてゆく子供のようだ大人しいね君はリスか死にたいとか嘘をついているんだね花ちゃんのリコーダー鳴らして花ちゃんのリコーダー花ちゃんこいつらha全員敵だから咲いた花で明日へリスカ小さすぎる君はリスだ枯れた花で幼い腕を切り刻んでゆくよかすり傷で生きるか死ぬか小さすぎる君の背ほど吹いた息は続く続く切り刻んでいくように咲き誇れ君のままで枯れ果てろ君のままで花ちゃんの成長できない花が少し綺麗だよ咲き誇れ君のままで枯れ果てろ君のままで花ちゃんのイカレちまった花にこの世はこう言うぜ花ちゃんはリスなのかっ!花ちゃんはリスなのかっ!花ちゃんはリスなのかっ!花ちゃんはリスなのかっ!花ちゃんはリスなのかっ!花ちゃんはリスなのかっ!花ちゃんよ咲き誇れっこの歌詞をマイ歌ネットに登録 >このアーティストをマイ歌ネットに登録 >
0,ハワイ,2014-04-09,"12,928",いらないパラソル広げて市営船から眺めるあなたはオレンジ色をしたシャチ三焦のバラードかけています日払い雨を解いて曇り結んであやとる給料抱きしめランプをつけるよ行方知れずになったからな暮れるビーチを泳いでたのさ気がつけば夜の下でさなんでもないよ。ときっとなんともないよなコーヒー買う金だけにしたよこのまま風に吹かれてたいなんでもないよ。ときっとなんともないよないらないパラソル広げて市営船からあやとる給料片手にナイフを携えイカダが台風を進むマーメイドはさらう海水魚会議室では安楽死さジャンヌのダルクは捕まって火あぶりさ15世紀はソプラノアルトミシンで編むよ明日の尾鰭はなんともないよなきっとなんともないよなきっとなんともないよなきっとなんともないよなこの歌詞をマイ歌ネットに登録 >このアーティストをマイ歌ネットに登録 >
0,犯罪者予備君,2018-07-04,"13,676",パッキパキにクリーニングしたサイゼリアの赤ワイン今日の僕のラッキーカラースーパーのお刺身から失業の連続が夏休み通り魔は熱さでやられちゃってでも君を守り続けるよじゃあ君と恋をしたりしてそのまま幻想の森へ新築したマンションに住んでおもちゃ箱の中いる不思議な国のアリスは僕になついてきましたひまわりの首飾りが駆け足で揺れちゃって殺気だった料金は婚約して美しく上司だった隣人を2日前処刑したパッキパキにクリーニングしたサイゼリアの赤ワイン今日の僕のラッキーカラー君だけは守り続けるよじゃあ君と恋をしたりしてそのまま幻想の森へ新築したマンションに住んでおもちゃ箱の中いる不思議な国のアリスはさなぎは綺麗だ服を着てごらん外に出かけてみようもっと深呼吸を深呼吸を深呼吸をしてよ深呼吸を深呼吸を深呼吸をしつこく深呼吸を深呼吸を深呼吸をしてよ深呼吸をしろよ僕がじゃあ君と恋をしたりしてそのまま幻想の森へ川辺ではしゃいだりして笑ってるお留守番できないよと僕になついてきましたひまわりの首飾りをぶら下げて犯罪者予備君ギャグ漫画さそれは犯罪者予備君ギャグ漫画さこの世は犯罪者予備君森の奥へ行く君と犯罪者予備君森の奥へ行く森の奥へ行くこの歌詞をマイ歌ネットに登録 >このアーティストをマイ歌ネットに登録 >
0,バイ菌1号,2020-01-08,"23,268",きっと君は来ないそんなことはわかってる僕はバイ菌みたいさこれはなっちゃったもんさきっと普通の人間さんは友達や恋人を作るでしょう愛されず認められず花は枯れちまったよ僕に春は来るのかなあ君に会えるのかなあ学生気分だろ大人ってなんだろ涙はまたどっかへゆく町へ流れてく下水道の先で僕を証明して親しみ感じたら嘘でもいい　嬉しいさいつも最新技術で痛い目にあっちまうなあきっと普通の人間さんは笑い方　泣き方を作るでしょうネタなのかマジなのかも分からないヤバい奴僕さ、君がいい人なら悪い人でもいい結局気分だろ？人間ってなんだろ色褪せない季節の中僕だけ真っ白でも最終電車で行く頑張ってみるからきっと普通の人間さんは友達や恋人を作るでしょう愛されず認められず花は枯れちまったよだからふふふーんバイ菌1号さ人間ってなんだろ涙はまたどっかへゆく町へ流れてく下水道の先で頑張ってみるから春は来るのかなあ君に会えるのかなあバイ菌1号さ人間ってなんだろこの歌詞をマイ歌ネットに登録 >このアーティストをマイ歌ネットに登録 >
0,バグったのーみそ,2011-08-31,"23,498",僕は、のーみそん中の君たちに話しかけてるんだよおい聞いてるのかよ糞野郎め、殺してやるぞほんとに言うこときかないのは君だ生意気だよもう僕の癖に落ち込んじゃだめだ、それをしちゃだめだ、なんて言えば僕は僕も誰か分かりません現在をしてる僕が昨日の僕めがけて「反省しろ」と繰り返し。言うこと聞かないのは君だそんな馬鹿なのかお前は殺してやるよそれ僕だよ何いってんの馬鹿じゃんそんな事ができるかお前なんかに現在をしてる僕が、明日の僕めがけて「反省しろと」繰り返しバグったのーみそ　バグったのーみそ　バグったのーみそが危険信号を知らせていますこの歌詞をマイ歌ネットに登録 >このアーティストをマイ歌ネットに登録 >
0,光の言葉,2017-05-24,"14,921",1つ言いたい事が言えるような人になりたいですね街の鐘鳴る朝が背に羽根を植えたら聖都をゆくね箱庭社会を抜け出し家出した子猫空旅憂鬱に暮れたときマタタビで誤魔化すダークな気持ちで太宰も治めず僕はただ町を見下ろすでもね言いたい事も程々にしなくちゃ傷つけますしオルフェウス灰なる言葉で優しくなれたら聖都をゆくね子猫が魔法で寒さをなんとか凌いだの縄張り争いで猫パンチ救いようないブサイクな言葉を愛してくれよオスカーワイルドが捻くれても想いは同じさ光の言葉が地上の全てを傷つけないって言っちゃうのならば酷いや僕は天使じゃないな背中の翼が街の行方を双眼鏡で見渡すよりだらだら風の中で読書でもしてるね光の言葉が地上の全てを傷つけないって言っちゃうのならば酷いや僕は天使じゃないな光の影から生まれる言葉が朝日になるから天使になれないとしても君を見ているよ僕は君を見ているよ見ているよ僕は君をそこで見てますこの歌詞をマイ歌ネットに登録 >このアーティストをマイ歌ネットに登録 >
0,非国民的アイドル,2017-09-06,"30,121",君をそんなに愛せない生き方まるで分からない8月の中で考えていたこと夢はI don't know 世代つまりそれすら分からない8月の中で考えていたこといいよね！君はまつげも長いしいいよね！君は凄くやってけそうだし思いっ切り走る朝が NoNoNo私をリスカしてく ohohohコピペみたく流れる血それも少し可愛いから愛する気持ちがあればスマホで可愛く撮れるのかなNo！No！8月よ本当の気持ちを書き込む用心棒あたしは花魁道中をゆくNo！No！8月よそんなに愛せない生き方まるで分からないはあ？違うって、みんな大っ嫌いなだけだよ夢はI don't know 世代チェキ撮るたびに笑えない8月の中で考えていたことニーチェが言えば神は死んだんでしょ？いいよね君は流行りにも乗ってけそうだし嘘もそんなに気にしない NoNoNo忘れても恋したい ohohohコピペみたく流れる血バタンキューだってちょちょいのちょい！段々落ち込む事が悪いと知ってるけれどもNo！No！8月よ本当の気持ちを書き込む事もできないRom 専少女のようにNo！No！8月よいいよね！君はまつげも長いしいいよね！君はなんとかやってけそうだし思いっ切り走る朝が NoNoNo私をリスカしてく ohohohコピペみたく流れる血それも少し可愛いから愛する気持ちがあればスマホで可愛く撮れるのかなNo！No！8月よ本当の気持ちを書き込む用心棒あたしは花魁道中をゆくNo！No！君の声がNo！No！聞こえるNo！No！君の声がNo！No！聞こえる聞こえるよ！この歌詞をマイ歌ネットに登録 >このアーティストをマイ歌ネットに登録 >
0,ひとりぼっち,2014-09-10,"19,050",雨が網にかかる時僕が生まれた僕が生まれた今日がとってもいいような天気だったらさ今日がとってもいいようなお天気だったらさ夢を見させておくれよ僕に夢を見させておくれよ雨が網にかかる時僕が生まれた僕が生まれた今日がとってもいいような天気だったらさ今日がとってもいいようなお天気だったらさ夢を見させておくれよ僕に夢を見させておくれよもしもこんな時ひとりぼっちだったらこの歌詞をマイ歌ネットに登録 >このアーティストをマイ歌ネットに登録 >
0,日々カルチャア,2017-09-06,"16,986",言えない事があるくらいなら嫌われたいよ君にも実際問題あたしなんて悲劇のヒロインさ年間3万4000人自殺してるからあたしのファンが増えないんだってどーすんの？you →トル日々カルチャア朝焼けの空浅い傷をどんなに掻っ捌いても神様じゃあ花咲かせてよね赤い空色を死に賭けたあたしの夢は自分だけの音楽を心から歌いたい激痛だってエミリーBecause I know you said to meあたし優しいからダメだないや怖がってんだそれはメロディ、文才を武器にして戦わないとって世界じゃ年間100万人自殺してるからあたしのファンが増えないんだってどーすんの？行かなくっちゃ朝焼けの空殺菌された音楽が流れてく逃げだしたい逃げたくない生きてく社会の中でほら行かなくっちゃ朝の町から同じ日にしないように今日のリアル歌いたい激痛だってエミリーBecause I know you said to me日々カルチャア朝焼けの空浅い傷をどんなに掻っ捌いても神様じゃあ花咲かせてよね赤い空色をだから死に賭けたあたしの夢は自分だけの音楽を心から歌いたい泣かないでってエミリーBecause I know you said to meBecause I know you said to meBecause I know you said to meBecause I know you said to meBecause I know you said to meこの歌詞をマイ歌ネットに登録 >このアーティストをマイ歌ネットに登録 >
0,不安定ねこくらげ,2017-09-06,"11,898",わらっちゃった顔がまぬけだねついに幻を見て閉鎖中もぐらのようにねだまりこむんだよねもぐららしさでもこの歌なら飛んでいくあなたのなかのあざやかな歌をただ1つ歌うよあなたの言葉ひとつでも歌を歌っているよあなたのなかのあざやかな歌をただ1人歌うよあなたが羽を伸ばしたら歌は聞こえないよOh-oh-ohこんな僕の世界が平和でありますようにヘコんだままほらむりしてる頭のネジがとれてキクラゲになるもぐらのようにねだまりこむんだよねもぐらならではのジャンプ力で飛んでいくあなたのなかのあざやかな歌をただ1つ歌うよあなたの言葉ひとつでも歌を歌ってみるよあなたのなかのあざやかな歌をただ1人歌うよあなたが羽を伸ばしたら歌は聞こえないよOh-oh-ohこんな僕の世界が平和でありますようにこの歌詞をマイ歌ネットに登録 >このアーティストをマイ歌ネットに登録 >
0,笛吹き花ちゃん,2010-12-22,"25,589",誰もいない教室じゃみんなは死んだと勝手に決めつけて肌身離さず持ち続けているリコーダーを取りだす吹けないくせにね「笛吹きだよ。」と言うそりゃもう365日イタイ子でねへたくそでね　やけくそでね365日笛を吹けばここにもいつか花が舞う誰かがわたしを見ているとキョロキョロしている不協和音ふらふら舞う誰もいない教室でようやくみんなにお花を供えたのに死ぬ価値すらない自分が取り残されただけだと言うひたすら泣くのさ花粉症音楽そりゃもう365日イタイ子でね三つ編みまで意味アリでね365日笛を吹けばここにもいつか花が舞う鼻水流れるルルが聞く春の風に乗る不協和音ふらふら舞うひらりひらり風に舞うよイカレ散った花吹雪窓の外へ　お空めがけ悪酔いしながら飛んでいくよ春夏秋冬　週4バイト高く高く飛んでゆけ吹いた息は続く続く幼い風を運ぶ吹いた息は続く続く空を走る花吹雪孤独すぎて死んじゃいそうなメロディ携えてどこまでも春夏秋冬　週4バイト高く高く飛んでゆけ君の風邪は幼い風は証だから吹き続けてね花ちゃんその鼻垂れたメロディが例え教室のやつらなんかに馬鹿にされてしまおうが吹き続けてやれ花ちゃんきっと君だからまた泣いてしまう事も多分あるかもしれんが笛吹きの名に恥じぬようにこの歌詞をマイ歌ネットに登録 >このアーティストをマイ歌ネットに登録 >
0,フロントメモリー (の子Vocal ver.),2014-09-10,"38,039","ガンバロっかな今日は　それは昨日のつづきガンバレないきっと退屈だけどきっとアンニュイだけど屋上でまた崩れかけてる男女の電車は恋バナ　終電に乗った帰りはRecしたこんな夕方です急にアイスが食べたい真夏日外はテカテカしてまぢあっちーし僕はこの恐怖症みたいなやつを時々感じちゃうから42キロの重いは　絵文字使った歪な想いはRecした夕方の中heybaby,yobaby,heybabyいつまでも先に進めないのはこんな夏さまたきっついサイズシューズがさスリーポイント　キメないでしょ今日はやる気はないってラッキーアイテムを持ってHipHopなフリして自分とギリ生きている会話も了解ですメールすらも居留守して1人歩いたiloveyouって英語で習ったんだっけ？(So) ガンバレないよガンバレないよYo,そんなんじゃいけないよI,m bloody girling　主役はboringですSay Yeah！急にアイスが食べたい真夏日　外はテカテカしてまぢあっちーし扇風機に顔ぶんぶん当ててはカエルのようにこうなっちゃって3時の感じにもたれて　窓の外をうとうと見るたび自分なんて分からなくなってきたheybaby,yobaby,heybabyいつまでも先に進めないのはこんな夏さまたきっついサイズシューズがさスリーポイント　キメないでしょそして夏さまたRecした風景は再生せずにNEwBeat朝はとても夏SUMMERTime8月駅降りて　田んぼで叫んだりして単純にガンバロっかな今日は　それは昨日の続き屋上でまた崩れかけてる男女の電車は恋バナ　終電に乗った帰りはRecしたこんな夕方です(So) ガンバレないよガンバレないよYo,そんなんじゃいけないよI,m bloody girling主役はboringですSay Yeah！ガンバレないよガンバレないよガンバレないよYo,そんなんじゃいけないよI,m bloody girlingSo bloody happyでYeah！先の　夏さまたSay Yeah! Yeah! Yeah! Yeah! Yeah! Yeah! Yeah! Yeah! Yeah! Yeah!先の夏さまたSay Yeah! Yeah! Yeah! Yeah! Yeah! Yeah! Yeah! Yeah! Yeah!そして夏さまたRecした風景は再生せずにNEwBeat朝はとても夏SUMMERTime8月駅降りて　田んぼで叫んだりしてComeonbaby yeah!yeah! yeah!,,,yeah!,,,,,,この歌詞をマイ歌ネットに登録 >このアーティストをマイ歌ネットに登録 >"
0,フロントメモリー feat.川本真琴,2014-04-09,"61,372","ガンバロっかな今日は　それは昨日のつづき屋上でまた崩れかけてる男女の電車は恋バナ　終電に乗った帰りはRecしたこんな夕方です急にアイスが食べたい真夏日　外はテカテカしてまぢあっちーし僕はこの恐怖症みたいなやつを時々感じちゃうから42キロの重いは　絵文字使った歪な想いはRecした夕方の中heybaby,yobaby,heybabyいつまでも先に進めないのはこんな夏さまたきっついサイズシューズがさスリーポイント　キメないでしょ今日はやる気はないって　ラッキーアイテムを持ってHip Hopなフリして自分とギリ生きている会話も了解ですメールすらも居留守して1人歩いたiloveyouって英語で習ったんだっけ？(So) ガンバレないよガンバレないよYo,そんなんじゃいけないよI, m bloody girling　主役は boring ですSay　Yeah!急にアイスが食べたい真夏日　外はテカテカしてまぢあっちーし扇風機に顔ぶんぶん当ててはカエルのようにこうなっちゃって3時の感じにもたれて　窓の外をうとうと見るたび自分なんて分からなくなってきたheybaby,yobaby,heybabyいつまでも先に進めないのはこんな夏さまたきっついサイズシューズがさスリーポイント　キメないでしょそして夏さまたRecした風景は再生せずに NEwBeat 朝はとても夏 SUMMERTime8月駅降りて田んぼで叫んだりして単純にガンバロっかな今日は　それは昨日の続き屋上でまた崩れかけてる男女の電車は恋バナ　終電に乗った帰りはRecしたこんな夕方です(So) ガンバレないよガンバレないよYo,そんなんじゃいけないよI, m bloody girling　主役は boring ですSay　Yeah!ガンバレないよガンバレないよガンバレないよYo,そんなんじゃいけないよI, m bloody girling　So bloody happy でYeah!先の　夏さまたSay Yeah! Yeah! Yeah! Yeah! Yeah!Yeah! Yeah! Yeah! Yeah!先の夏さまたSay Yeah! Yeah! Yeah! Yeah! Yeah!そして夏さまたRecした風景は再生せずに NEwBeat 朝はとても夏 SUMMERTime8月駅降りて　田んぼで叫んだりしてComeonbaby yeah!yeah!　yeah!,,,yeah!,,,,,,この歌詞をマイ歌ネットに登録 >このアーティストをマイ歌ネットに登録 >"
0,ベイビーレイニーデイリー,2010-12-22,"50,306",ひどい時があるんです雨でぐしゃぐしゃだときみに伝えて　ただ困らせている雨がふってた方が人たちは生きやすい傘の中のぼく　傘の中のきみそんな好きだから雨の中のぼく女々しい自分を傘で隠さないようにそんな好きだから傘の中のきみ風邪をひいてるか下からのぞいてやる雨がふってた方が人たちは生きやすい傘の中のぼく 傘の中のきみ6月の雨がふれば7月にそれはやむんでしょこんな天気予報じゃ君を困らせるに決まってるそんな好きだから君に泣いてるのです女々しい自分を傘で隠さないようにそんな好きだから傘の中のきみ風邪をひいてるか下からのぞいてやるベイビーレイニーデイリー。雨の中のぼく君に泣き続けてる雨の中のきみあえて言わないだけですあえて言わないだけですあえて言わないだけです言わないだけですこの歌詞をマイ歌ネットに登録 >このアーティストをマイ歌ネットに登録 >
0,ベルセウスの空,2012-11-14,"17,096",お星さま　お星さま　たんぽぽお星さま　たんぽぽ流星群お星さま　お星さま　たんぽぽお星さま　たんぽぽ流星群夜は寒いからあったかくして空の向こうへと僕は飛んでゆくどうなるかは知らないさ怖くもないから空の向こうへと僕は飛んでゆくみんなの小さい姿僕は自由になるベルセウス　ベルセウス　たんぽぽベルセウス　たんぽぽ流星群お星さま　お星さま　たんぽぽお星さま　たんぽぽ流星群夏のお祭り通り過ぎて空の向こうへと僕は飛んでゆくどうなるかはシラネェサ怖くもないから広がる空じゃ行方は分からないずっと1人でいいんだみんなの小さい姿僕は自由になるホーキにまたがるあの子も地上が嫌なんだろうな深夜に思ったよ。あの子の空、僕ゆく空訳あり事情も荷物さくるっと凛凛ゆく空の向こうへと僕は飛んでゆくどうなるかはシラネェサ怖くもないから空の向こうへと僕は飛んでゆくみんなの小さい姿僕は自由になる手を伸ばして町の片隅から、空をつかんでさぁ、行こうどこかに僕は自由、空の向こうへと僕は飛んでゆくこの歌詞をマイ歌ネットに登録 >このアーティストをマイ歌ネットに登録 >
0,ぺんてる,2010-03-10,"55,016",放課後はまた蛙道ゲロゲーロだぜくそがぼくはゲロまみれだくそがマジでどーでもいいジャポニカ学習帳に今ぼくなりに学習した事さあーもう人生が完全に狂っちゃっているぺんてるにぺんてるに助けてくださいなんて言えればさぁぺんてるにぺんてるに助けてくださいいつものくださいなサイボーグなんだっておばちゃんはゲロゲーロなぼくがいても終始だんまーりと読書しちゃっているどーでもいいぼくは　また　ぺんてるに　行きましたLowテンションな文章で結構雨があがる前にぺんてるにぺんてるに助けてくださいなんて言えればさぁぺんてるにぺんてるにぼくの人生をずっと蹴っ飛ばしてみます1学期、2学期、3学期と時は、撫ぜて、ぼくはまた一つ大人になって二つ大人になって三つ大人になりましたぶ厚い風に飲み込まれちゃいったい僕はどうなるんだろうとまだ考えてるのに人生がふわっと舞い上がるあーもう嫌だ、ゆーっくりと大人になりました僕は大人になりました冷たい風に吹かれてどうしようもない大人になりましたジャポニカ学習ノートのページがどんどんめくれてく僕が学んだ事なんて風の中へと消えてゆくあーもうどうするかあーもうしらねぇぞ僕は風に吹かれてしまおう落ち葉のようになり果てよう考えて生きてくような価値なんてどこにあるんだと僕は思うのです放課後から続く蛙道、どーでもいいやとほざきつつどこまでもどこまでも生きたいと願っているのかよ殺してやると呟いて　頭を下げて謝った僕はいつまでもそんな糞ゲロ野郎でさあぁもうどうなるか、まぁどうでもいいんですが僕はぺんてるに行きましたぺんてるにぺんてるにまた行きましたぺんてるにぺんてるに買いに行きました僕はぺんてるに買いに行きたいのですまた、ぺんてるにぺんてるにこの歌詞をマイ歌ネットに登録 >このアーティストをマイ歌ネットに登録 >
0,砲の上のあの娘,2014-09-10,"17,773",あの娘は放課後に標準合わせて壊したい世界に砲を撃つちょっと待っててねあの日も今準備するね僕の機関銃で死ね風が吹いて、ごらん人はブサイクだね砲の上で凛々しくしてもちょっと待っててねごめん忘れたいんだよね砲の上に君がいる木造校舎から出てこいよ砂場でたまには遊ぼうぜちょっと待っててね急いで準備するから僕の機関銃で死ね風が吹いて、ごらんみんなブサイクだね砲の上で凛々しくしてもアリさんだってきっと家がないんだってさ君には見えてるでしょうね廊下を走るなんて無茶は初めてだもんね落とし物は砲の下風が吹いて、ごらん虚しいもんだね砲の上で凛々しくしても夕方だね、ごめんすべり台の上そうやってばかりいるなら風がまた吹いた時思いっきりビンタしちゃうからね思いっきりリアル帰らせるね風がまた吹いた時思いきり老いた君の素顔思いきり老いた僕の方へこの歌詞をマイ歌ネットに登録 >このアーティストをマイ歌ネットに登録 >
0,僕の戦争,2021-02-22,"288,159","Let's start a new life from the darknessUntil the light reveals the endFear, hatred, sorrow, desperationEven you look miserableLook down from aboveI feel awfulThe time has comeLet's all go homeSinister faces, growing cursesThis is my last warAngels playing disguised with devil's facesChildren cling to their coins squeezing out their wisdomAngels planning disguised with devil's facesChildren cling on to their very last coinsDestruction and regenerationYou are the real enemyThe only memory left is traumaImaginary friend's kind wordsThe evening train was shakingI purified the imperfect flowersThe pain in my heart getting higherMy comedy show at its peakThe frogs were crying on our way homeThis is my last warAngels playing disguised with devil's facesChildren cling to their coins squeezing out their wisdomAngels planning disguised with devil's facesChildren cling on to their very last coinsDestruction and regenerationYou are the real enemytu.tu.tu...帰り道を無くした風景夕焼けこやけ逆さまに下校時間　鳴きだすチャイムとだんだんと落っこちてゆく帰り道を終わらせないって泣いていいよ今だけは線路沿いに消えちゃった菜の花来年また咲いてなんて帰り道を無くした風景夕焼けこやけ逆さまに下校時間　他人の影踏み気づいたら夜明け　1人きり1人きりを終わらせないって泣いていいよ今だけは明日の準備がどうせまたあるし宿題やって寝なくちゃねこの歌詞をマイ歌ネットに登録 >このアーティストをマイ歌ネットに登録 >"
0,僕の戦争(TV Size),2020-12-08,"147,291","Let's start a new life from the darknessUntil the light reveals the endSinister faces, growing cursesThis is my last warAngels playing disguised with devil's facesChildren cling to their coins squeezing out their wisdomAngels planning disguised with devil's facesChildren cling on to their very last coinsDestruction and regenerationYou are the real enemyこの歌詞をマイ歌ネットに登録 >このアーティストをマイ歌ネットに登録 >"
0,僕のHIPHOP,2014-04-09,"12,204",真夏の僕のヒップホップ everyチーズ挟んで食う団地から遺書がなんかちょっと美味しかったよついてくんなお前bitバイトの帰り、朝6時イカれた町を歩くBeatとMania ぶっ壊した孤高の僕のヒップホップよお僕のヒップホップやあ僕のヒップホップ千葉ニュータウン中央駅前で飲む缶ジュースは110円よお僕のヒップホップやあ僕のヒップホップ千葉ニュータウン中央駅前で飲む缶ジュースが段々と段々と減る冗談はベッドにバッドに沈む死にたいオーノーニャンチューモンキー食いしばれ歯をギュッギュッバイト帰り、朝6時イカレた町を歩く両替機は正直崩すぜ僕のない価値よお僕のヒップホップやあ僕のヒップホップ千葉ニュータウン中央駅前で飲む缶ジュースは110円よお僕のヒップホップやあ僕のヒップホップ千葉ニュータウン中央駅前で飲む缶ジュースが段々と段々と HELLitsOver塾生ムリゲー溺れ中浮き輪を持ってこいよゲロまみれだぜお前は今バイトの帰り、朝6時イカれた町を走るBeatとMania 練習した孤高の僕のヒップホップよお僕のヒップホップやあ僕のヒップホップ千葉ニュータウン中央駅前で飲む缶ジュースは110円よお僕のヒップホップやあ僕のヒップホップ僕の　僕の　僕のHipHop!!YEAH!!HipHopCome on!!この歌詞をマイ歌ネットに登録 >このアーティストをマイ歌ネットに登録 >
0,僕のブルース,2010-12-22,"20,380",精神薬を誰かよこせ精神薬を早く誰かよこせよっうるせえって君は怒鳴りつけるばかり嘘はつけないぜ　君のこと大嫌いさ　ブルースさ自殺する日も近いと思うから　高いお酒買ってジョニーのグルーヴィーで僕は歌うんだ時々バキバキッ　てるてるまるまるお月様かわいいあの娘のようジョニーのグルーヴィーよもっと歌えって僕のブルースはただの迷惑頭がおかしくなってしまいそうだ精神的に無理んなっちまっているよ僕はギターと深夜の街の中吐いたゲロが僕のリアル　殺される　ブルースさロックな過去がなけりゃそりゃ未来もねえ甘ったれタレタレブルースジョニーのグルーヴィーで僕は歌うんだ時々バキバキッ　てるてるまるまるお月さまかわいいあの娘のようジョニーのグルーヴィーよもっと歌えって夜は続くからdandandandandandan と dandandandan と頭がドラッグしてゆくぜ　今どこにいるんだ僕はもっとranranranranranran と ranranranran と頭がおかしくなっちゃいくんです　いくんですブルースです自殺する日も近いと思うから　高いお酒買ってジョニーのグルーヴィーで僕は歌うんだ時々　バッキバッキバキッてるてるまるまるお月さまかわいいあの娘のよう　ジョニーよ僕のブルースを聴いておくれよ僕はdandandandandandan と dandandandan と頭がドラッグしてゆくぜ今どこにいるんだ僕はもっとranranranranranran と ranranranran と頭がおかしくなっちゃ僕のブルースはただの迷惑この歌詞をマイ歌ネットに登録 >このアーティストをマイ歌ネットに登録 >
0,僕は頑張るよっ,2011-08-31,"35,186",りりりりした街で　もじもじしないように死んだらどうなるかとか　自分を脅してるきっと死ぬ時痛いから　ちょっと元気な今ならあるあるおまじないで　自分を歩かせようあーでもないこーでもない　人間はめんどくさいパーでもないグーでもない　悩んでばかりいますあーでもないうちにほら　人間はあっさり死ぬとんでもない事だけど　人間はいつか死ぬりりりりした街で　閉鎖された心はカーテンすら開かない　だからこじ開けるんですきっと死ぬ時怖いけど　もっと今のが怖いってなあるあるおまじないで　自分を歩かせようあれじゃやだこれじゃやだ　人間はめんどくさい死んだらさどうなるの?　永遠に寂しいの?子供にも親父にも　眠れない夜がある1日が続く中　君だっていつか死ぬ同じ服で電車に乗れば　同じキャラで演じる今日さあーでもないこーでもない　人間はめんどくさい正直に息できる　朝5時が気持ちいい歩いたら歩くだけ　死ぬ確率はあがる歩かなきゃとりあえず　人間はどうせ死ぬ朝いつもの電車にのれば　あのいつもの人はいない次は僕の番なのか　捨てられるように僕らみんな死ぬよ　あっさり死ぬよ　僕は頑張るよっ　Yeah!この歌詞をマイ歌ネットに登録 >このアーティストをマイ歌ネットに登録 >
0,僕はぬいぐるみ,2017-09-06,"12,502",僕がぬいぐるみの中身だよ今日のイベントはどこでやるんだよーつべ音楽落としたらぶらさげて歌うふいに　憂鬱になるぜうそをつきあおうこんな世さダーリン魔法を唱えたらビビデバビデブー夢野久作くるっていくのです村の僕らはアコーディオンをただジャンジャカならして可愛くおどるのさ流れぼしが美しさに願い事を叶えましょお前の歌じゃないんだ心はダウナーゆるキャラあいつはもう消えた笑いながら見てくるなよおまえなんて知らねえ僕がブサイクだと雰囲気が言う園児を演じるあのユーチューバー粘土で感情こねてゆこお金をまきあげろふいに　憂鬱になるぜ老いてけぼりにされそうさダーリン魔法を唱えたらかっこよろしくピーチーズゲルドフくるっていくのです村の僕らはアコーディオンを三拍子に合わせて可愛くおどるのさ流れぼしが美しさに願い事を叶えましょお前の歌じゃないんだ心はダウナーゆるキャラあいつはもう消えた思い出もない儚いリボンを残して yaiyaiyaiそうさふいに　憂鬱になるぜうそをつきあおうこんな世さダーリン魔法を唱えたらビビデバビデブー夢野久作くるっていくのです村の僕らはアコーディオンをただジャンジャカならして可愛くおどるのさ流れぼしが美しさに願い事を叶えましょお前の歌じゃないんだ心はダウナー、ゆるキャラあいつはもう消えた笑いながら見てくるなよおまえなんて知らねえ僕がぬいぐるみだ僕がぬいぐるみだ僕がぬいぐるみだ僕がぬいぐるみだこの歌詞をマイ歌ネットに登録 >このアーティストをマイ歌ネットに登録 >
0,僕ブレード,2016-07-06,"15,266",僕ブレード　きみまる子ちゃん読んでるフリして忍ばせた狙いを定めていたらばだ拳が飛んできた僕ブレード　切り裂くんだあんたの顔をぐちゃぐちゃにごみ捨て場でツバを吐いてやるのさフルスピード彼女は言うあんたなんか死ねってはよ死ねってはよ死ねって戦え冷めたブレードからはみでるブレードでちょちょ切れ！ちょちょ切れ！ちょちょ切れ！ちょちょ切れ！僕ブレード　切り裂くんだ隣にいる佐々木のじいさんがごみ捨て場でツバを吐いているのさフルスピード彼女は言うあんたなんか死ねってはよ死ねってはよ死ねって戦え冷めたブレードからはみでるブレードでちょちょ切れ！ちょちょ切れ！ちょちょ切れ！ちょちょ切れ！はみでるブレードでりんりんりりんりんりんりんりりんりんりん我が嫁ブレードは電話を取ったら早変わり情けなさい男に終わろうって感じですフルスピード彼女は言うあんたなんか死ねってはよ死ねってはよ死ねってはよ死ねって！眠たくなりましたこの歌詞をマイ歌ネットに登録 >このアーティストをマイ歌ネットに登録 >
0,ぽろりろりんなぼくもぎゃぎゃぎゃぎゃぎゃーん,2010-12-22,"25,331",ぽろりろりんなギターはぎゃぎゃぎゃぎゃぎゃーんと歌うぽろりろりんなぼくもぎゃぎゃぎゃぎゃぎゃーんと歌えば安月給でも　元気に生きれるんじゃろかおーそうだおじいちゃんではない、おばあちゃんでもないもっともっとめちゃくちゃにさ雨が降る　この道ではでっかい悩みがもっと降りはじめるから傘捨てて　うでをあげてにっこり雨に笑って風邪をひいてやるぽろりろりんなギターはぎゃぎゃぎゃぎゃぎゃーんと歌うぽろりろりんなぼくもぎゃんぎゃんぎゃんぎゃんぎゃんぎゃんぎゃんぎゃんぎゃんぎゃんぎゃんぎゃんぎゃんぎゃんぎゃーん！っと歌えたらさ　階段も楽にのぼれるんじゃろかおじいちゃんではない、おばあちゃんでもないもっともっと明くる朝　起きたとき昨日と同じじゃ絶対つまらないからさ魔法でも幻でもないモノ一つにぎってチャリのペダルこぐ雨が降る　この道ではでっかい悩みがもっと降りはじめるから傘捨てて　うでをあげてにっこり雨に笑って風邪をひいてやるとばせぎゃんぎゃんととばせぎゃんぎゃんとぼくはとばすぎゃんぎゃんとそうめちゃくちゃにこの歌詞をマイ歌ネットに登録 >このアーティストをマイ歌ネットに登録 >
0,まいちゃん全部ゆめ,2017-09-06,"25,421",今僕は最高に落ちこんでいますそれが分かる僕と1人きりで薬飲みたい全てが嫌だそれだけさほざく頭とばすだけさ歌詞なんているのか引き出しのハサミでみんな殺してなんまいだーこんなかわいそうな僕の事をこれ以上苦しめるのはやめてごめんね僕は僕って誰さ正直に僕は生きれませんでした今僕は最高に落ちこんでいますそれが分かる僕と1人きりで薬飲みたいただ泣きたくて苦しくて屋上でどんどん教科書を読みにくくするそんな顔しないでみんな殺してなんまいだーそんな顔しないで気にしないねこれ以上苦しめるのなら死ね傷ついたんだ今日はとってもかばんの中の夢を全部空に投げ捨ててまいちゃん全部ゆめ用法容量通り植える頭生えた朝は最後の嘘亮介君は大島君に教えてあげなくっちゃ屋上から落ちる最中超キモいじゃんまじ嫌いだったんだよねーとかね誰それ？とか明日の事とか僕のまいちゃん全部ゆめこの歌詞をマイ歌ネットに登録 >このアーティストをマイ歌ネットに登録 >
0,毎日がニュース,2019-10-11,"16,672","牛乳飲んだら少し背が伸びた誰かが飼い殺したって街がうるさいよちょっぴり周りが見えないのかなあたしロリついてばかりいるカラオケバイトはクソ客ばかり包丁刺すようにブスッて言われたんで首からぶら下げた自尊心はスルー仲良くしたいって言っても拒否するし神さま　愛はi,m　君はYouでも灰色のねずみのようだあたし死刑判決に埋れていく笑ってみせてよって毎日がニュースばっかりご近所さんは指先を伝ってグロくなるお疲れ様って優しいね君犯罪者になってしまうよ？道義的な事を言っていいね稼いで加工前の世界から可愛くなる1盛れる角度　報道してくんでいい子ちゃんキャラ守っていくからねコメ欄クソったれのパラダイス罪なきビッチ売りの少女もブスだと主人公になれやしない社会さ曰く不可解と無念に散る生きてて恥ずかしくないの　勉強中よ灰色のねずみのようだあたし今日も裁判にかけられてく笑ってみせてよってかけがえのない命や存在がママから授かったこの身体がきっといい事がある　その未来が産まれてきた意味　だとかさ救いなきこの世界をみんな裁いて大好きが腐ってく成虫期こっから飛び降りて死んだっていいやっと終わりに近づいて嬉しいねバキバキの画面越し狂ってくテンションでしょ毎日がニュースばっかりご近所さんは指先を伝ってグロくなるお疲れ様って優しいね君犯罪者になってしまうよ？道義的な事を言っていいね稼いで加工前の世界から可愛くなる1盛れる角度　報道してくんでいい子ちゃんキャラ守っていくからねThe endまで緊張感感じてこの歌詞をマイ歌ネットに登録 >このアーティストをマイ歌ネットに登録 >"
0,美ちなる方へ,2010-12-22,"31,778",なるべく楽しいフリをするさ誰だって憂鬱になると気ずけば誰もいないんだ知っているからたまに狂っちまうんだ君には見せたい素顔があると思います出かけるようになりました出かけるようになりましたぼくはなるべく楽しいフリをするさ僕だって憂鬱になると傷つけたりしてしまうことを知っているからたまに狂っちまうんだ悲しい顔を君には見せたいと思います出かけるようになりました出かけるようになりました僕は出かけるようになりました僕は出かけるようになりました出かけるようになりました出かけるようになりました僕はみちなる方へ行きました僕はみちなる方へゆきました僕は出かけるようになりましたこの歌詞をマイ歌ネットに登録 >このアーティストをマイ歌ネットに登録 >
0,緑の長靴,2017-09-06,"10,188",図書館に寄ってあと数ページ読みきったら終わる冒頭語りは長いとダメさ歌詞は略してああ、きっと君はこんなメロディのような人間なんですね日々はトイレットペーパーに書いては流す便所と同じでさ数字をバックに顔面パックに歌詞は略してああ、きっと君はこんなメロディのような人間なんですね図書館に寄ってあと数ページ読みきったら終わるこいつが終われば僕は死ねるのさそれでも君がああ、きっと君はこんなメロディのような靴を今日も履いているのです緑の長靴緑の長靴いくつになった、考えたくない雨の中で、あああ楽しそうに踊るから君が、ああ今はちょっと考えたくない逃げてく日さ、あああ雨の中踊ろう君とほら GetdanceLetsgetdanceこの歌詞をマイ歌ネットに登録 >このアーティストをマイ歌ネットに登録 >
0,夕方のピアノ,2010-07-07,"31,834",死ねよ佐藤おまえのために死ねよ佐藤きさまのためにおまえはいつでもやってくる知らない嘘をついて死ね　死ね死ねよ佐藤おまえのためにおまえがおまえでなくなるために日々の中に行くたびにお前を殺したい死ね　死ね死ね　死ね　死ね　おまえのために死ね　死ね　死ね　だから想像するためにぼくが死んだから想像するたびにぼくのそのためにお前は死ぬべきさ　やっぱ死ねよ佐藤　死ねよ佐藤　死ねよ佐藤　ぼくのために！死ねよ佐藤　死ねよ佐藤　死ねよ佐藤　ぼくのために！死ねー！ 死ねー！ ぼくも死ね！ 死ね 死ねー！！死ねよ佐藤　死ねよ佐藤　ぼくのぼくがぼくのためにさ死ねよ佐藤　死ねよ佐藤　お願いだからぼくのためにさこの歌詞をマイ歌ネットに登録 >このアーティストをマイ歌ネットに登録 >
0,夕暮れの鳥,2017-05-24,"64,181",Song in the bird cageShould I sing if I singSky Look wind tomorrowBlow todayBlow todayMorning in the birdSpend with meBlow tomorrowEvery single dayIt is next to youSurely come in the morning one day say holloTo expand the hand tothe side of other townSurely not accustomed divert aloneCome morning everyone laugh again with meBecause anyway every night every nightSing a song so on in the pictureSky a Look wind tomorrowBlow to the side of youBlow todayMorning in the birdIt is next to youi can sing again like a bird in the skyI have heard innocent voiceI'll sing out with my girlGo to the meeting place sing alone rolling stoneCome morning everyone laugh again with meSurely come in the morning one day say helloTo expand the hand tothe side of other townSurely not accustomed divert aloneCome morning everyone laugh againwith meこの歌詞をマイ歌ネットに登録 >このアーティストをマイ歌ネットに登録 >
0,夕暮れメモライザ,2011-08-31,"38,678",無くしたら少し寂しいかなって思ってたそして僕は無くした夕暮れが少し切ないから外に出たよコンビニ行っただけですちょっと待てよ、みんながもういない、僕のスタートラインがない落ちてるひまもない 4月のスタートは「諦めなよ」 それでも僕、少し寂しいからやってみるよここからさ動けないよ、みんなはスタートして夕暮れる季節です川辺のねこ なんか切ないから見習うんだあいつを夕暮れメ。モ。ラ。イ。ザ ファッキュー地球儀をサッカーボールにして蹴飛ばす　僕の気持ちごと今夕暮れが少し優しいのは僕のせいだ　甘えてばかりなんですホットコーヒーを飲んでるモードで川でぽっけーんっとしてる何を見てるわけじゃない　4月のスタートは「諦めなよ」 黙れまじで 少し寂しいからやってみるよここからさ動けないよ 見つけたスタートでエロビデオ見てるだけ川辺のねこ なんか切ないから見習うんだあいつを夕暮れメモライザO Oh yeah!僕はハイテンションな時叫んだよSo Oh NO!鏡見ると顔が死んでたよ夕暮れメモライザ　読み込む少年の空は　別の世界だな「諦めない」 やな言葉だ　少し寂しいからやってみるよここからさ動いてもだ まともなスタートラインが見つからないんだ生きることはなんか苦しいからエロビデオ見せてくれ夕暮れの空が綺麗だ 諦めないよ僕はきっと もっと寂しい自分が何してもいるよ川辺のねこ にゃーっと寝っころがった「諦めてもいいんだよ」少し優しいんだよこの時間が僕には夕暮れメモライザ春の風がそよぐ　僕はコンビニ、コーヒー、きつねカップうどん夕暮れメモライザ夕暮れメ。モ。ラ。イ。ザ　ファッキューこの歌詞をマイ歌ネットに登録 >このアーティストをマイ歌ネットに登録 >
0,幽霊少女シニテー,2020-01-08,"9,899",あたしの名前を知りたけりゃ巷の奴らに聞いてみなねえちょっとあんたさ暇ならさ踊りを踊りましょ足切って笑顔でおはようさん腕切って笑顔でおはようさんあー2度とないこの人生は実にくだらないよいよいよいよいyeah！よいよいよいよいyeah！よいよいよいよいyeah！よいよいよいよいyeah！悲しくて涙が出てくるよ悲しくて涙が出た時は幽霊少女のシニテーと踊りを踊りましょよいよいよいよいyeah！よいよいよいよいyeah！よいよいよいよいyeah！よいよいよいよいyeah！なんだかみんな頭がおかしそうなのねあたしの名前を知りたけりゃ巷の奴らに聞いてみなあー2度とないこの人生は実にくだらないこの歌詞をマイ歌ネットに登録 >このアーティストをマイ歌ネットに登録 >
0,ゆーれいみマン,2010-03-10,"41,619",ゆーれいに僕はなるのさ今日こそはキメてやるのです自殺しちゃうぞと叫んでも誰からも返事ございません存在ゆーれいみマンな僕もし死んだら誰か見てくれるのかなぁ僕のことを有名になるといいつつゆーれいになる僕がいます可愛そうだからこいつにあげぱんでも買ってあげなさい存在ゆーれいみマンな僕もし死んだら目撃してくれるか君僕のことを≪かまってもらいだけなんだろぅ?早く死ねよボケっっ!≫と風がそよぐその忘れられたような窓際の席で目が合うとしたならば素敵な事ですね!日に照らされた時、そこには椅子だけじゃなんとなく寂しいけど、仕方ないですよねこの歌詞をマイ歌ネットに登録 >このアーティストをマイ歌ネットに登録 >
0,ラムネボーイ,2018-07-04,"9,082",閃光が目をチカラせるスイカバーは溶けていくスイカの種を飛ばす勇気もなくなっちまったのかいだんだん崩れる僕ルール年々痛みだすシューズ週末は配信をやって問いかけている夏のその影が追いかけてくる昔の自分が今でもまだ僕は強がりだからほら靴紐を結んで君にメッセージを！ラムネボーイが夏録した部屋の暑さと共に死んだら僕は何もないよ日差し照らっちゃってんだよだんだん崩れる僕ルールきっと何かやりたいんだまっすぐに前を向いて問いかけている夏のその影が追いかけてくる夢じゃないものが今でもまだ僕は強がりだからほら靴紐を結んで今問いかけてくる夏のその影がノート風には吹かれ1ページがそう言っても僕は強がりだからほら靴紐を結んで君にメッセージを！問いかけている夏のその風が追いかけている昔の自分をそう言っても僕は繋ぎたいんだよほら靴紐を結んで今問いかけている夏のその影が追いかけてくる夢じゃないものが今でもまだ僕は強がりだからほら靴紐を結んで君にメッセージを！この歌詞をマイ歌ネットに登録 >このアーティストをマイ歌ネットに登録 >
0,らんっ！,2012-11-14,"14,822",遠のいたメダルはきっとある何もないのか僕の朝は清々しさに満ちているサボり果てた人生だってみんなあるアクエリアス僕を正して朝練を始めます走らせるよ僕の足を加速させるランナーは大会に向けて走る事もやめる事もできやしないランナーじゃ死ぬだけさ風は吹いてもランナーズハイになれずパッと切り替えてよ夏休み僕の躁鬱ボタンサボり果てている奴らを掻き分けてアスリートとして1抜けるよ朝に起きてみます走らせるよ僕の足を加速させるランナーは大会に向けて走る事もやめる事もできやしない僕のパーツが動く僕は加速してく加速して走らせるよ僕の足を名のる事ももはやできないが走る事もやめる事もできやしないランナーじゃ死ぬだけさだ走る　朝へ走り出すらんっ!この歌詞をマイ歌ネットに登録 >このアーティストをマイ歌ネットに登録 >
0,陸上部の夏,2017-09-06,"15,213",夏を走る合唱曲を自転車で通り越し電車にのりこむ生きる喜び　昼下がる道炭酸ジュース開けてため息をつくよこんな時は過ぎるまた翔けだして走る弱くても一人で咲いているんだ時は過ぎる大地に両足つけてミュートしたその日からまたひとり走りだす何周廻る　校舎向こうへ体育館で授業中　大人しい僕さ暑い日差しの中　フェンス沿いをゆく僕のシューズが光る靴紐結んでこんな時は過ぎる雨の中を走る哀しい日も一人で咲いているんだ時は過ぎる大地に両足つけてミュートしたその日からまたひとり走りだすひとりで走りだす(yeah！まさに)時は過ぎるまた翔けだして走る弱くても一人で咲いているんだ時は過ぎる大地に両足つけてミュートしたその日からまた一人走りだすこの足音が鳴りだす夏と今僕はこの歌詞をマイ歌ネットに登録 >このアーティストをマイ歌ネットに登録 >
0,リッケンバンカー,2016-07-06,"17,184",つまらないと君は言うそしてちょっと笑い出す駆け抜ける街をゆく下駄箱から取り出した君のノートのアイディアその曲をぶらさげていくよ響け鮮やかにリッケンバンカー大音量で鳴らす君の声汗をかいた姿が夏が爽やかにカーブ曲がる部活帰りは君のとなり夏が流れてくとっても暑い光線が朝にジュース流し込む駆けぬける街をゆく授業前に予習した言葉を歌詞に組みこむみんなびっくりするかないくよ響け鮮やかにリッケンバンカー再生数も伸びない君の声蚊の鳴くような歌声が夏が爽やかにカーブ曲がる部活帰りは君のとなりライブできるような性格じゃないし周りを巻き込むような人にもなれないよそんな悩みを食いちぎってくいしばる歯ほら開いて歌い始めだけさ勇気を出して響け鮮やかにリッケンバンカー大音量で鳴らす君の声汗をかいた姿が夏が爽やかにカーブ曲がる部活帰りは君のとなり夏が流れてく夏が流れてく君のとなり夏が流れてくこの歌詞をマイ歌ネットに登録 >このアーティストをマイ歌ネットに登録 >
0,るるちゃんの自殺配信,2020-01-08,"75,126",友達ができない帰り道夕暮れは時々優しく飛び交うデータの中で街のBluetoothがあたしを壊した中央線に飛びこんで傍迷惑な奴だと言われていつだってそこにいたんだ少女はさっさと死んじゃったFBIに聞いたって分かんない彼女のメッセージいつだって叫んでたんだってチャネリングで夜空広げてく野良猫とワルツを踊った飛び交うデータの中で街のBluetoothがあたしを壊したUFOに飛び乗って反抗期じゃないのよママ聞いていつだって1人でいたんだ少女はさっさと死んじゃったFBIに聞いたって分かんない彼女のメッセージいつだって叫んでたんだって受験勉強が終わったらネコと話せる魔女さ自殺配信してお墓でも立てようこの最低なきもち無くなる前に中央線に飛びこんで傍迷惑な奴だと言われていつだってそこにいたんだ少女はさっさと死んじゃった屋根の上で猫たちと頭が悪い人間見下していつだって叫んでたんだって受験勉強が終わったらネコと話せる魔女さ自殺配信してお墓でも立てようこの最低なきもち無くなる前に中央線に飛びこんで傍迷惑な奴だと言われていつだってそこにいたんだ少女はさっさと死んじゃったFBIに聞いたって分かんない彼女のメッセージいつだって叫んでたんだってこの歌詞をマイ歌ネットに登録 >このアーティストをマイ歌ネットに登録 >
0,ロックンロールは鳴り止まないっ,2010-03-10,"104,808",昨日の夜、駅前TSUTAYAさんで僕はビートルズを借りたセックスピストルズを借りた「ロックンロール」というやつだしかし、何がいいんだか全然分かりませんdo daturaturaoh yeah! yeah! yeah!夕暮れ時、部活の帰り道でまたもビートルズを聞いたセックスピストルズを聞いた何かが以前と違うんだMD取っても、イヤホン取ってもなんでだ全然鳴り止まねぇっdo da dodatura turaoh yeah! yeah!yeah!今も遠くで聞こえるあの時のあの曲がさ遠くで近くですぐ傍で、叫んでいる遠くで見てくれあの時の僕のまま初めて気がついたあの時の衝撃を僕にいつまでも、いつまでも、いつまでもくれよもっともっと、僕にくれよもっと、もっと、もっと、もっと、くれよ!遠くにいる君目がけて吐き出すんだ遠くで近くですぐ傍で叫んでやる最近の曲なんかもうクソみたいな曲だらけさ!なんて事を君は言う、いつの時代でもだから僕は今すぐ、今すぐ、今すぐ叫ぶよ君に今すぐ、今、僕のギター鳴らしてやる君が今すぐ、今、曲の意味分からずとも鳴らす今、鳴らす時ロックンロールは鳴り止まないっこの歌詞をマイ歌ネットに登録 >このアーティストをマイ歌ネットに登録 >
0,ロボットノ夜,2014-09-10,"17,611",あっ怖い。言葉が怖い青い怖い青い人が怖いよ怖い怖い青さがあれば夢が青いキミが青い暗い街の中のいいあっ怖い。夜に流れる夜が流れる夜の中にいるロボットのようさ青いの怖い朝が怖いキミが怖い怖い人が怖いtututu.こわいこの歌詞をマイ歌ネットに登録 >このアーティストをマイ歌ネットに登録 >
0,ロマンス,2016-07-06,"21,794",Disappointedごめん、ねえごめん、ねえごめん、ねえ悪いんだよ僕がごめん、ねえごめん、ねえDisappointedごめん、ねえごめん、ねえごめん、ねえ悪いんだよ僕がごめん、ねえOn and on町の空はOn and on夕暮れ空On and on飛ばした羽はOn and on気のせいでさDisappointedごめん、ねえごめん、ねえごめん、ねえ悪いんだよ僕がごめん、ねえごめん、ねえDisappointedごめん、ねえごめん、ねえごめん、ねえ悪いんだよ僕がごめん、ねえOn and on町の空はOn and on夕暮れ空On and on飛ばした羽はOn and on気のせいでさ本屋さんで買う首吊りの仕方下校途中　怖くなったんだなんていうか全てに疲れたんだろみんなバカだからさ笑っていた君が僕に近くなるレイプして殴り続けてく虚しさに潰されてしまえばいい君を犯したあとにごめん、ねえごめん、ねえごめん、ねえごめん、ねえごめん、ねえごめん、ねえDisappointedごめん、ねえごめん、ねえごめん、ねえごめん、ねえごめん、ねえごめんねこの歌詞をマイ歌ネットに登録 >このアーティストをマイ歌ネットに登録 >
